X [s]	1 Gast Med [V]	2 T Ant [V]	3 R Fem [V]	4 B Fem [V]	
11.280000	8.208007e-06	4.604930e-05	7.317259e-06	9.235473e-06	
11.281001	8.331123e-06	4.689844e-05	7.427238e-06	9.276964e-06	
11.282002	8.455457e-06	4.774752e-05	7.533559e-06	9.341671e-06	
11.283003	8.580781e-06	4.859528e-05	7.636211e-06	9.428796e-06	
11.284004	8.706870e-06	4.944045e-05	7.735179e-06	9.537541e-06	
11.285005	8.833497e-06	5.028177e-05	7.830452e-06	9.667105e-06	
11.286005	8.960435e-06	5.111798e-05	7.922016e-06	9.816690e-06	
11.287006	9.087457e-06	5.194782e-05	8.009858e-06	9.985497e-06	
11.288007	9.214337e-06	5.277003e-05	8.093966e-06	1.017273e-05	
11.289008	9.340849e-06	5.358334e-05	8.174327e-06	1.037758e-05	
11.290009	9.466765e-06	5.438649e-05	8.250928e-06	1.059926e-05	
11.291010	9.591860e-06	5.517823e-05	8.323755e-06	1.083696e-05	
11.292011	9.715906e-06	5.595728e-05	8.392797e-06	1.108990e-05	
11.293012	9.838677e-06	5.672238e-05	8.458040e-06	1.135725e-05	
11.294013	9.959947e-06	5.747228e-05	8.519471e-06	1.163824e-05	
11.295014	1.007949e-05	5.820571e-05	8.577078e-06	1.193206e-05	
11.296014	1.019708e-05	5.892141e-05	8.630847e-06	1.223791e-05	
11.297015	1.031248e-05	5.961811e-05	8.680766e-06	1.255499e-05	
11.298016	1.042548e-05	6.029456e-05	8.726822e-06	1.288250e-05	
11.299017	1.053584e-05	6.094949e-05	8.769001e-06	1.321964e-05	
11.300018	1.064335e-05	6.158165e-05	8.807292e-06	1.356562e-05	
11.301019	1.074776e-05	6.218976e-05	8.841681e-06	1.391964e-05	
11.302020	1.084886e-05	6.277257e-05	8.872156e-06	1.428089e-05	
11.303021	1.094643e-05	6.332881e-05	8.898703e-06	1.464858e-05	
11.304022	1.104022e-05	6.385722e-05	8.921309e-06	1.502191e-05	
11.305023	1.113002e-05	6.435655e-05	8.939962e-06	1.540007e-05	
11.306023	1.121560e-05	6.482552e-05	8.954649e-06	1.578228e-05	
11.307024	1.129673e-05	6.526288e-05	8.965357e-06	1.616773e-05	
11.308025	1.137319e-05	6.566737e-05	8.972074e-06	1.655562e-05	
11.309026	1.144475e-05	6.603771e-05	8.974785e-06	1.694515e-05	
11.310027	1.151118e-05	6.637265e-05	8.973479e-06	1.733553e-05	
11.311028	1.157226e-05	6.667094e-05	8.968142e-06	1.772595e-05	
11.312029	1.162776e-05	6.693129e-05	8.958762e-06	1.811562e-05	
11.313030	1.167745e-05	6.715247e-05	8.945325e-06	1.850374e-05	
11.314031	1.172111e-05	6.733319e-05	8.927819e-06	1.888950e-05	
11.315032	1.175851e-05	6.747220e-05	8.906232e-06	1.927212e-05	
11.316032	1.178942e-05	6.756824e-05	8.880549e-06	1.965078e-05	
11.317033	1.181362e-05	6.762004e-05	8.850759e-06	2.002469e-05	
11.318034	1.183089e-05	6.762635e-05	8.816848e-06	2.039306e-05	
11.319035	1.184098e-05	6.758590e-05	8.778803e-06	2.075508e-05	
11.320036	1.184368e-05	6.749742e-05	8.736612e-06	2.110995e-05	
11.321037	1.183877e-05	6.735966e-05	8.690262e-06	2.145688e-05	
11.322038	1.182601e-05	6.717136e-05	8.639740e-06	2.179506e-05	
11.323039	1.180517e-05	6.693125e-05	8.585032e-06	2.212370e-05	
11.324040	1.177604e-05	6.663807e-05	8.526127e-06	2.244200e-05	
11.325041	1.173840e-05	6.629064e-05	8.463017e-06	2.274918e-05	
11.326041	1.169235e-05	6.588943e-05	8.395803e-06	2.304493e-05	
11.327042	1.163829e-05	6.543641e-05	8.324692e-06	2.332938e-05	
11.328043	1.157661e-05	6.493362e-05	8.249890e-06	2.360267e-05	
11.329044	1.150773e-05	6.438311e-05	8.171605e-06	2.386492e-05	
11.330045	1.143203e-05	6.378690e-05	8.090046e-06	2.411629e-05	
11.331046	1.134994e-05	6.314705e-05	8.005420e-06	2.435691e-05	
11.332047	1.126184e-05	6.246557e-05	7.917935e-06	2.458691e-05	
11.333048	1.116814e-05	6.174452e-05	7.827800e-06	2.480644e-05	
11.334049	1.106925e-05	6.098593e-05	7.735222e-06	2.501564e-05	
11.335050	1.096556e-05	6.019184e-05	7.640408e-06	2.521464e-05	
11.336050	1.085748e-05	5.936429e-05	7.543568e-06	2.540358e-05	
11.337051	1.074541e-05	5.850531e-05	7.444909e-06	2.558260e-05	
11.338052	1.062976e-05	5.761694e-05	7.344639e-06	2.575184e-05	
11.339053	1.051092e-05	5.670122e-05	7.242966e-06	2.591144e-05	
11.340054	1.038931e-05	5.576019e-05	7.140098e-06	2.606153e-05	
11.341055	1.026532e-05	5.479588e-05	7.036242e-06	2.620226e-05	
11.342056	1.013935e-05	5.381034e-05	6.931608e-06	2.633376e-05	
11.343057	1.001181e-05	5.280559e-05	6.826402e-06	2.645617e-05	
11.344058	9.883098e-06	5.178369e-05	6.720833e-06	2.656962e-05	
11.345059	9.753622e-06	5.074666e-05	6.615108e-06	2.667427e-05	
11.346060	9.623782e-06	4.969655e-05	6.509436e-06	2.677024e-05	
11.347060	9.493981e-06	4.863539e-05	6.404024e-06	2.685768e-05	
11.348061	9.364621e-06	4.756522e-05	6.299081e-06	2.693672e-05	
11.349062	9.236105e-06	4.648807e-05	6.194814e-06	2.700750e-05	
11.350063	9.108836e-06	4.540599e-05	6.091432e-06	2.707016e-05	
11.351064	8.983217e-06	4.432102e-05	5.989142e-06	2.712485e-05	
11.352065	8.859649e-06	4.323518e-05	5.888152e-06	2.717168e-05	
11.353066	8.738536e-06	4.215053e-05	5.788670e-06	2.721081e-05	
11.354067	8.620281e-06	4.106909e-05	5.690905e-06	2.724238e-05	
11.355068	8.505286e-06	3.999291e-05	5.595064e-06	2.726652e-05	
11.356069	8.393954e-06	3.892402e-05	5.501354e-06	2.728337e-05	
11.357069	8.286688e-06	3.786445e-05	5.409985e-06	2.729306e-05	
11.358070	8.183889e-06	3.681626e-05	5.321163e-06	2.729575e-05	
11.359071	8.085962e-06	3.578147e-05	5.235098e-06	2.729156e-05	
11.360072	7.993308e-06	3.476213e-05	5.151996e-06	2.728063e-05	
11.361073	7.906331e-06	3.376027e-05	5.072066e-06	2.726311e-05	
11.362074	7.825433e-06	3.277792e-05	4.995516e-06	2.723913e-05	
11.363075	7.751016e-06	3.181714e-05	4.922554e-06	2.720883e-05	
11.364076	7.683484e-06	3.087995e-05	4.853387e-06	2.717235e-05	
11.365077	7.623239e-06	2.996839e-05	4.788224e-06	2.712982e-05	
11.366078	7.570684e-06	2.908450e-05	4.727272e-06	2.708139e-05	
11.367078	7.526221e-06	2.823032e-05	4.670740e-06	2.702719e-05	
11.368079	7.490253e-06	2.740788e-05	4.618835e-06	2.696736e-05	
11.369080	7.463183e-06	2.661923e-05	4.571765e-06	2.690204e-05	
11.370081	7.445414e-06	2.586640e-05	4.529739e-06	2.683138e-05	
11.371082	7.437348e-06	2.515144e-05	4.492965e-06	2.675550e-05	
11.372083	7.439388e-06	2.447636e-05	4.461649e-06	2.667454e-05	
11.373084	7.451936e-06	2.384323e-05	4.436000e-06	2.658865e-05	
11.374085	7.475396e-06	2.325406e-05	4.416227e-06	2.649796e-05	
11.375086	7.510143e-06	2.271080e-05	4.402524e-06	2.640261e-05	
11.376087	7.556098e-06	2.221358e-05	4.394870e-06	2.630267e-05	
11.377087	7.612814e-06	2.176107e-05	4.393067e-06	2.619818e-05	
11.378088	7.679832e-06	2.135189e-05	4.396912e-06	2.608917e-05	
11.379089	7.756691e-06	2.098467e-05	4.406204e-06	2.597567e-05	
11.380090	7.842932e-06	2.065804e-05	4.420738e-06	2.585771e-05	
11.381091	7.938096e-06	2.037062e-05	4.440312e-06	2.573531e-05	
11.382092	8.041723e-06	2.012104e-05	4.464722e-06	2.560851e-05	
11.383093	8.153355e-06	1.990792e-05	4.493767e-06	2.547734e-05	
11.384094	8.272530e-06	1.972989e-05	4.527242e-06	2.534183e-05	
11.385095	8.398791e-06	1.958558e-05	4.564946e-06	2.520201e-05	
11.386096	8.531677e-06	1.947361e-05	4.606674e-06	2.505792e-05	
11.387096	8.670729e-06	1.939260e-05	4.652225e-06	2.490957e-05	
11.388097	8.815488e-06	1.934119e-05	4.701395e-06	2.475700e-05	
11.389098	8.965494e-06	1.931799e-05	4.753982e-06	2.460024e-05	
11.390099	9.120287e-06	1.932164e-05	4.809782e-06	2.443932e-05	
11.391100	9.279409e-06	1.935076e-05	4.868592e-06	2.427428e-05	
11.392101	9.442399e-06	1.940397e-05	4.930210e-06	2.410513e-05	
11.393102	9.608799e-06	1.947991e-05	4.994433e-06	2.393192e-05	
11.394103	9.778149e-06	1.957719e-05	5.061058e-06	2.375467e-05	
11.395104	9.949988e-06	1.969444e-05	5.129881e-06	2.357341e-05	
11.396105	1.012386e-05	1.983030e-05	5.200700e-06	2.338818e-05	
11.397106	1.029930e-05	1.998337e-05	5.273313e-06	2.319900e-05	
11.398106	1.047586e-05	2.015230e-05	5.347515e-06	2.300590e-05	
11.399107	1.065306e-05	2.033570e-05	5.423105e-06	2.280891e-05	
11.400108	1.083046e-05	2.053221e-05	5.499878e-06	2.260807e-05	
11.401109	1.100759e-05	2.074044e-05	5.577633e-06	2.240341e-05	
11.402110	1.118400e-05	2.095902e-05	5.656167e-06	2.219495e-05	
11.403111	1.135922e-05	2.118659e-05	5.735276e-06	2.198272e-05	
11.404112	1.153280e-05	2.142175e-05	5.814757e-06	2.176676e-05	
11.405113	1.170427e-05	2.166315e-05	5.894408e-06	2.154709e-05	
11.406114	1.187318e-05	2.190941e-05	5.974026e-06	2.132375e-05	
11.407115	1.203907e-05	2.215914e-05	6.053408e-06	2.109676e-05	
11.408115	1.220147e-05	2.241099e-05	6.132350e-06	2.086617e-05	
11.409116	1.235993e-05	2.266356e-05	6.210651e-06	2.063198e-05	
11.410117	1.251399e-05	2.291550e-05	6.288106e-06	2.039425e-05	
11.411118	1.266319e-05	2.316542e-05	6.364513e-06	2.015299e-05	
11.412119	1.280707e-05	2.341195e-05	6.439670e-06	1.990824e-05	
11.413120	1.294517e-05	2.365372e-05	6.513373e-06	1.966003e-05	
11.414121	1.307703e-05	2.388935e-05	6.585419e-06	1.940838e-05	
11.415122	1.320219e-05	2.411747e-05	6.655606e-06	1.915333e-05	
11.416123	1.332019e-05	2.433670e-05	6.723730e-06	1.889492e-05	
11.417124	1.343057e-05	2.454567e-05	6.789588e-06	1.863316e-05	
11.418124	1.353288e-05	2.474300e-05	6.852979e-06	1.836809e-05	
11.419125	1.362665e-05	2.492733e-05	6.913698e-06	1.809974e-05	
11.420126	1.371142e-05	2.509727e-05	6.971542e-06	1.782814e-05	
11.421127	1.378674e-05	2.525146e-05	7.026310e-06	1.755331e-05	
11.422128	1.385214e-05	2.538851e-05	7.077798e-06	1.727530e-05	
11.423129	1.390717e-05	2.550706e-05	7.125802e-06	1.699413e-05	
11.424130	1.395136e-05	2.560573e-05	7.170121e-06	1.670983e-05	
11.425131	1.398431e-05	2.568322e-05	7.210562e-06	1.642244e-05	
11.426132	1.400630e-05	2.573937e-05	7.247084e-06	1.613212e-05	
11.427133	1.401809e-05	2.577480e-05	7.279756e-06	1.583910e-05	
11.428133	1.402049e-05	2.579017e-05	7.308649e-06	1.554363e-05	
11.429134	1.401427e-05	2.578613e-05	7.333836e-06	1.524594e-05	
11.430135	1.400024e-05	2.576334e-05	7.355386e-06	1.494628e-05	
11.431136	1.397916e-05	2.572246e-05	7.373373e-06	1.464490e-05	
11.432137	1.395185e-05	2.566413e-05	7.387867e-06	1.434203e-05	
11.433138	1.391907e-05	2.558902e-05	7.398939e-06	1.403792e-05	
11.434139	1.388163e-05	2.549777e-05	7.406661e-06	1.373280e-05	
11.435140	1.384032e-05	2.539104e-05	7.411105e-06	1.342693e-05	
11.436141	1.379591e-05	2.526949e-05	7.412342e-06	1.312053e-05	
11.437142	1.374920e-05	2.513376e-05	7.410443e-06	1.281386e-05	
11.438142	1.370098e-05	2.498452e-05	7.405480e-06	1.250716e-05	
11.439143	1.365204e-05	2.482242e-05	7.397523e-06	1.220066e-05	
11.440144	1.360316e-05	2.464811e-05	7.386646e-06	1.189461e-05	
11.441145	1.355514e-05	2.446225e-05	7.372918e-06	1.158925e-05	
11.442146	1.350876e-05	2.426549e-05	7.356412e-06	1.128482e-05	
11.443147	1.346481e-05	2.405848e-05	7.337199e-06	1.098157e-05	
11.444148	1.342409e-05	2.384189e-05	7.315349e-06	1.067973e-05	
11.445149	1.338737e-05	2.361636e-05	7.290936e-06	1.037956e-05	
11.446150	1.335545e-05	2.338255e-05	7.264029e-06	1.008128e-05	
11.447151	1.332912e-05	2.314111e-05	7.234702e-06	9.785143e-06	
11.448151	1.330917e-05	2.289270e-05	7.203024e-06	9.491390e-06	
11.449152	1.329638e-05	2.263797e-05	7.169067e-06	9.200263e-06	
11.450153	1.329155e-05	2.237757e-05	7.132903e-06	8.912004e-06	
11.451154	1.329546e-05	2.211217e-05	7.094604e-06	8.626854e-06	
11.452155	1.330890e-05	2.184241e-05	7.054240e-06	8.345055e-06	
11.453156	1.333266e-05	2.156896e-05	7.011883e-06	8.066849e-06	
11.454157	1.336753e-05	2.129245e-05	6.967604e-06	7.792478e-06	
11.455158	1.341430e-05	2.101356e-05	6.921476e-06	7.522184e-06	
11.456159	1.347375e-05	2.073292e-05	6.873569e-06	7.256209e-06	
11.457160	1.354668e-05	2.045121e-05	6.823954e-06	6.994793e-06	
11.458161	1.363388e-05	2.016906e-05	6.772704e-06	6.738180e-06	
11.459161	1.373613e-05	1.988715e-05	6.719889e-06	6.486612e-06	
11.460162	1.385422e-05	1.960611e-05	6.665581e-06	6.240329e-06	
11.461163	1.398894e-05	1.932660e-05	6.609852e-06	5.999574e-06	
11.462164	1.414108e-05	1.904929e-05	6.552772e-06	5.764589e-06	
11.463165	1.431143e-05	1.877482e-05	6.494414e-06	5.535615e-06	
11.464166	1.450078e-05	1.850384e-05	6.434849e-06	5.312895e-06	
11.465167	1.470991e-05	1.823702e-05	6.374147e-06	5.096670e-06	
11.466168	1.493962e-05	1.797500e-05	6.312382e-06	4.887183e-06	
11.467169	1.519069e-05	1.771845e-05	6.249623e-06	4.684674e-06	
11.468170	1.546392e-05	1.746801e-05	6.185942e-06	4.489386e-06	
11.469170	1.576009e-05	1.722434e-05	6.121411e-06	4.301561e-06	
11.470171	1.607998e-05	1.698809e-05	6.056102e-06	4.121441e-06	
11.471172	1.642440e-05	1.675993e-05	5.990085e-06	3.949267e-06	
11.472173	1.679413e-05	1.654049e-05	5.923432e-06	3.785281e-06	
11.473174	1.718995e-05	1.633044e-05	5.856215e-06	3.629726e-06	
11.474175	1.761265e-05	1.613044e-05	5.788505e-06	3.482842e-06	
11.475176	1.806295e-05	1.594108e-05	5.720372e-06	3.344850e-06	
11.476177	1.854057e-05	1.576241e-05	5.651871e-06	3.215708e-06	
11.477178	1.904461e-05	1.559410e-05	5.583049e-06	3.095203e-06	
11.478179	1.957416e-05	1.543583e-05	5.513953e-06	2.983121e-06	
11.479179	2.012831e-05	1.528726e-05	5.444627e-06	2.879250e-06	
11.480180	2.070614e-05	1.514807e-05	5.375118e-06	2.783373e-06	
11.481181	2.130675e-05	1.501792e-05	5.305472e-06	2.695279e-06	
11.482182	2.192923e-05	1.489649e-05	5.235735e-06	2.614751e-06	
11.483183	2.257267e-05	1.478344e-05	5.165953e-06	2.541577e-06	
11.484184	2.323615e-05	1.467844e-05	5.096172e-06	2.475541e-06	
11.485185	2.391877e-05	1.458116e-05	5.026438e-06	2.416431e-06	
11.486186	2.461961e-05	1.449129e-05	4.956797e-06	2.364031e-06	
11.487187	2.533776e-05	1.440847e-05	4.887295e-06	2.318128e-06	
11.488188	2.607232e-05	1.433239e-05	4.817979e-06	2.278507e-06	
11.489188	2.682237e-05	1.426271e-05	4.748893e-06	2.244955e-06	
11.490189	2.758700e-05	1.419910e-05	4.680085e-06	2.217256e-06	
11.491190	2.836530e-05	1.414124e-05	4.611600e-06	2.195198e-06	
11.492191	2.915636e-05	1.408879e-05	4.543484e-06	2.178566e-06	
11.493192	2.995927e-05	1.404142e-05	4.475783e-06	2.167146e-06	
11.494193	3.077311e-05	1.399881e-05	4.408544e-06	2.160724e-06	
11.495194	3.159699e-05	1.396062e-05	4.341812e-06	2.159085e-06	
11.496195	3.242998e-05	1.392652e-05	4.275633e-06	2.162016e-06	
11.497196	3.327118e-05	1.389619e-05	4.210054e-06	2.169302e-06	
11.498197	3.411967e-05	1.386929e-05	4.145120e-06	2.180729e-06	
11.499197	3.497455e-05	1.384549e-05	4.080877e-06	2.196084e-06	
11.500198	3.583490e-05	1.382446e-05	4.017372e-06	2.215151e-06	
11.501199	3.669982e-05	1.380588e-05	3.954650e-06	2.237718e-06	
11.502200	3.756838e-05	1.378941e-05	3.892758e-06	2.263569e-06	
11.503201	3.843969e-05	1.377472e-05	3.831741e-06	2.292491e-06	
11.504202	3.931283e-05	1.376148e-05	3.771645e-06	2.324269e-06	
11.505203	4.018690e-05	1.374937e-05	3.712518e-06	2.358689e-06	
11.506204	4.106097e-05	1.373805e-05	3.654403e-06	2.395538e-06	
11.507205	4.193414e-05	1.372719e-05	3.597348e-06	2.434601e-06	
11.508206	4.280550e-05	1.371646e-05	3.541399e-06	2.475664e-06	
11.509206	4.367413e-05	1.370553e-05	3.486602e-06	2.518513e-06	
11.510207	4.453914e-05	1.369408e-05	3.433002e-06	2.562934e-06	
11.511208	4.539960e-05	1.368176e-05	3.380646e-06	2.608712e-06	
11.512209	4.625460e-05	1.366826e-05	3.329579e-06	2.655634e-06	
11.513210	4.710324e-05	1.365324e-05	3.279848e-06	2.703485e-06	
11.514211	4.794460e-05	1.363638e-05	3.231499e-06	2.752051e-06	
11.515212	4.877778e-05	1.361733e-05	3.184578e-06	2.801119e-06	
11.516213	4.960186e-05	1.359578e-05	3.139131e-06	2.850473e-06	
11.517214	5.041593e-05	1.357138e-05	3.095203e-06	2.899901e-06	
11.518215	5.121909e-05	1.354382e-05	3.052841e-06	2.949187e-06	
11.519216	5.201041e-05	1.351276e-05	3.012091e-06	2.998118e-06	
11.520216	5.278899e-05	1.347787e-05	2.972999e-06	3.046479e-06	
11.521217	5.355393e-05	1.343882e-05	2.935611e-06	3.094057e-06	
11.522218	5.430430e-05	1.339528e-05	2.899972e-06	3.140636e-06	
11.523219	5.503920e-05	1.334692e-05	2.866130e-06	3.186005e-06	
11.524220	5.575771e-05	1.329342e-05	2.834130e-06	3.229947e-06	
11.525221	5.645897e-05	1.323446e-05	2.804014e-06	3.272263e-06	
11.526222	5.714244e-05	1.317009e-05	2.775798e-06	3.312901e-06	
11.527223	5.780778e-05	1.310052e-05	2.749477e-06	3.351891e-06	
11.528224	5.845468e-05	1.302597e-05	2.725049e-06	3.389263e-06	
11.529225	5.908280e-05	1.294666e-05	2.702511e-06	3.425048e-06	
11.530225	5.969182e-05	1.286281e-05	2.681859e-06	3.459279e-06	
11.531226	6.028139e-05	1.277463e-05	2.663090e-06	3.491986e-06	
11.532227	6.085121e-05	1.268234e-05	2.646201e-06	3.523200e-06	
11.533228	6.140092e-05	1.258617e-05	2.631188e-06	3.552953e-06	
11.534229	6.193021e-05	1.248634e-05	2.618050e-06	3.581276e-06	
11.535230	6.243875e-05	1.238305e-05	2.606782e-06	3.608200e-06	
11.536231	6.292621e-05	1.227654e-05	2.597381e-06	3.633756e-06	
11.537232	6.339225e-05	1.216701e-05	2.589844e-06	3.657975e-06	
11.538233	6.383656e-05	1.205470e-05	2.584169e-06	3.680889e-06	
11.539234	6.425879e-05	1.193981e-05	2.580351e-06	3.702528e-06	
11.540234	6.465862e-05	1.182257e-05	2.578387e-06	3.722925e-06	
11.541235	6.503573e-05	1.170319e-05	2.578275e-06	3.742109e-06	
11.542236	6.538978e-05	1.158190e-05	2.580012e-06	3.760113e-06	
11.543237	6.572044e-05	1.145892e-05	2.583593e-06	3.776968e-06	
11.544238	6.602739e-05	1.133445e-05	2.589016e-06	3.792704e-06	
11.545239	6.631029e-05	1.120873e-05	2.596278e-06	3.807353e-06	
11.546240	6.656881e-05	1.108197e-05	2.605376e-06	3.820946e-06	
11.547241	6.680264e-05	1.095439e-05	2.616306e-06	3.833514e-06	
11.548242	6.701143e-05	1.082621e-05	2.629065e-06	3.845089e-06	
11.549243	6.719486e-05	1.069765e-05	2.643650e-06	3.855701e-06	
11.550243	6.735260e-05	1.056892e-05	2.660058e-06	3.865383e-06	
11.551244	6.748432e-05	1.044025e-05	2.678286e-06	3.874164e-06	
11.552245	6.758969e-05	1.031185e-05	2.698330e-06	3.882077e-06	
11.553246	6.766838e-05	1.018395e-05	2.720187e-06	3.889152e-06	
11.554247	6.772006e-05	1.005676e-05	2.743855e-06	3.895421e-06	
11.555248	6.774441e-05	9.930497e-06	2.769330e-06	3.900914e-06	
11.556249	6.774109e-05	9.805389e-06	2.796608e-06	3.905664e-06	
11.557250	6.770978e-05	9.681650e-06	2.825687e-06	3.909700e-06	
11.558251	6.765014e-05	9.559500e-06	2.856564e-06	3.913055e-06	
11.559252	6.756185e-05	9.439157e-06	2.889235e-06	3.915760e-06	
11.560252	6.744458e-05	9.320842e-06	2.923697e-06	3.917845e-06	
11.561253	6.729800e-05	9.204771e-06	2.959947e-06	3.919343e-06	
11.562254	6.712177e-05	9.091166e-06	2.997981e-06	3.920283e-06	
11.563255	6.691558e-05	8.980243e-06	3.037797e-06	3.920698e-06	
11.564256	6.667908e-05	8.872224e-06	3.079392e-06	3.920619e-06	
11.565257	6.641196e-05	8.767326e-06	3.122762e-06	3.920076e-06	
11.566258	6.611388e-05	8.665768e-06	3.167904e-06	3.919101e-06	
11.567259	6.578452e-05	8.567770e-06	3.214815e-06	3.917725e-06	
11.568260	6.542353e-05	8.473550e-06	3.263491e-06	3.915980e-06	
11.569261	6.503061e-05	8.383328e-06	3.313930e-06	3.913896e-06	
11.570261	6.460541e-05	8.297322e-06	3.366129e-06	3.911505e-06	
11.571262	6.414760e-05	8.215751e-06	3.420084e-06	3.908837e-06	
11.572263	6.365687e-05	8.138835e-06	3.475791e-06	3.905925e-06	
11.573264	6.313287e-05	8.066793e-06	3.533249e-06	3.902799e-06	
11.574265	6.257528e-05	7.999842e-06	3.592453e-06	3.899490e-06	
11.575266	6.198390e-05	7.938178e-06	3.653387e-06	3.896034e-06	
11.576267	6.135958e-05	7.881773e-06	3.715920e-06	3.892496e-06	
11.577268	6.070374e-05	7.830491e-06	3.779860e-06	3.888956e-06	
11.578269	6.001779e-05	7.784195e-06	3.845017e-06	3.885498e-06	
11.579270	5.930312e-05	7.742747e-06	3.911200e-06	3.882200e-06	
11.580271	5.856116e-05	7.706009e-06	3.978219e-06	3.879146e-06	
11.581271	5.779330e-05	7.673845e-06	4.045883e-06	3.876417e-06	
11.582272	5.700096e-05	7.646116e-06	4.114001e-06	3.874093e-06	
11.583273	5.618555e-05	7.622684e-06	4.182382e-06	3.872256e-06	
11.584274	5.534848e-05	7.603413e-06	4.250837e-06	3.870987e-06	
11.585275	5.449114e-05	7.588164e-06	4.319173e-06	3.870368e-06	
11.586276	5.361497e-05	7.576801e-06	4.387201e-06	3.870481e-06	
11.587277	5.272135e-05	7.569186e-06	4.454729e-06	3.871405e-06	
11.588278	5.181170e-05	7.565180e-06	4.521567e-06	3.873223e-06	
11.589279	5.088744e-05	7.564647e-06	4.587524e-06	3.876016e-06	
11.590280	4.994996e-05	7.567449e-06	4.652410e-06	3.879866e-06	
11.591280	4.900067e-05	7.573449e-06	4.716033e-06	3.884853e-06	
11.592281	4.804100e-05	7.582508e-06	4.778203e-06	3.891059e-06	
11.593282	4.707233e-05	7.594490e-06	4.838730e-06	3.898565e-06	
11.594283	4.609609e-05	7.609256e-06	4.897422e-06	3.907453e-06	
11.595284	4.511368e-05	7.626670e-06	4.954089e-06	3.917804e-06	
11.596285	4.412652e-05	7.646593e-06	5.008540e-06	3.929700e-06	
11.597286	4.313600e-05	7.668889e-06	5.060585e-06	3.943220e-06	
11.598287	4.214354e-05	7.693419e-06	5.110032e-06	3.958448e-06	
11.599288	4.115054e-05	7.720046e-06	5.156692e-06	3.975464e-06	
11.600289	4.015842e-05	7.748633e-06	5.200372e-06	3.994349e-06	
11.601289	3.916859e-05	7.779041e-06	5.240883e-06	4.015186e-06	
11.602290	3.818245e-05	7.811134e-06	5.278034e-06	4.038055e-06	
11.603291	3.720141e-05	7.844774e-06	5.311634e-06	4.063037e-06	
11.604292	3.622688e-05	7.879823e-06	5.341493e-06	4.090214e-06	
11.605293	3.526027e-05	7.916144e-06	5.367419e-06	4.119667e-06	
11.606294	3.430298e-05	7.953599e-06	5.389222e-06	4.151478e-06	
11.607295	3.335644e-05	7.992051e-06	5.406711e-06	4.185727e-06	
11.608296	3.242204e-05	8.031362e-06	5.419696e-06	4.222497e-06	
11.609297	3.150119e-05	8.071394e-06	5.427986e-06	4.261868e-06	
11.610298	3.059531e-05	8.112011e-06	5.431389e-06	4.303922e-06	
11.611298	2.970580e-05	8.153074e-06	5.429716e-06	4.348740e-06	
11.612299	2.883406e-05	8.194445e-06	5.422776e-06	4.396404e-06	
11.613300	2.798152e-05	8.235989e-06	5.410378e-06	4.446995e-06	
11.614301	2.714958e-05	8.277565e-06	5.392331e-06	4.500593e-06	
11.615302	2.633964e-05	8.319039e-06	5.368444e-06	4.557281e-06	
11.616303	2.555312e-05	8.360271e-06	5.338527e-06	4.617140e-06	
11.617304	2.479142e-05	8.401124e-06	5.302389e-06	4.680251e-06	
11.618305	2.405596e-05	8.441460e-06	5.259840e-06	4.746695e-06	
11.619306	2.334813e-05	8.481143e-06	5.210688e-06	4.816554e-06	
11.620307	2.266936e-05	8.520034e-06	5.154743e-06	4.889909e-06	
11.621307	2.202105e-05	8.557996e-06	5.091815e-06	4.966842e-06	
11.622308	2.140460e-05	8.594892e-06	5.021711e-06	5.047433e-06	
11.623309	2.082143e-05	8.630583e-06	4.944243e-06	5.131764e-06	
11.624310	2.027295e-05	8.664933e-06	4.859218e-06	5.219917e-06	
11.625311	1.976038e-05	8.697815e-06	4.766534e-06	5.311943e-06	
11.626312	1.928360e-05	8.729188e-06	4.666721e-06	5.407687e-06	
11.627313	1.884189e-05	8.759047e-06	4.560595e-06	5.506898e-06	
11.628314	1.843454e-05	8.787389e-06	4.448974e-06	5.609323e-06	
11.629315	1.806081e-05	8.814211e-06	4.332675e-06	5.714712e-06	
11.630316	1.771999e-05	8.839507e-06	4.212515e-06	5.822814e-06	
11.631317	1.741135e-05	8.863276e-06	4.089310e-06	5.933377e-06	
11.632317	1.713418e-05	8.885512e-06	3.963879e-06	6.046151e-06	
11.633318	1.688775e-05	8.906213e-06	3.837038e-06	6.160884e-06	
11.634319	1.667134e-05	8.925374e-06	3.709605e-06	6.277324e-06	
11.635320	1.648422e-05	8.942992e-06	3.582396e-06	6.395221e-06	
11.636321	1.632567e-05	8.959062e-06	3.456229e-06	6.514324e-06	
11.637322	1.619498e-05	8.973582e-06	3.331921e-06	6.634381e-06	
11.638323	1.609142e-05	8.986547e-06	3.210289e-06	6.755141e-06	
11.639324	1.601426e-05	8.997954e-06	3.092149e-06	6.876353e-06	
11.640325	1.596279e-05	9.007799e-06	2.978321e-06	6.997765e-06	
11.641326	1.593629e-05	9.016078e-06	2.869619e-06	7.119127e-06	
11.642326	1.593402e-05	9.022787e-06	2.766862e-06	7.240187e-06	
11.643327	1.595527e-05	9.027923e-06	2.670867e-06	7.360694e-06	
11.644328	1.599932e-05	9.031481e-06	2.582451e-06	7.480396e-06	
11.645329	1.606545e-05	9.033459e-06	2.502430e-06	7.599044e-06	
11.646330	1.615293e-05	9.033853e-06	2.431623e-06	7.716385e-06	
11.647331	1.626104e-05	9.032658e-06	2.370846e-06	7.832167e-06	
11.648332	1.638905e-05	9.029870e-06	2.320917e-06	7.946141e-06	
11.649333	1.653626e-05	9.025487e-06	2.282652e-06	8.058055e-06	
11.650334	1.670192e-05	9.019505e-06	2.256868e-06	8.167657e-06	
11.651335	1.688533e-05	9.011919e-06	2.244384e-06	8.274697e-06	
11.652335	1.708576e-05	9.002725e-06	2.246015e-06	8.378922e-06	
11.653336	1.730249e-05	8.991921e-06	2.262580e-06	8.480083e-06	
11.654337	1.753479e-05	8.979503e-06	2.294895e-06	8.577927e-06	
11.655338	1.778194e-05	8.965466e-06	2.343777e-06	8.672204e-06	
11.656339	1.804323e-05	8.949806e-06	2.410044e-06	8.762662e-06	
11.657340	1.831793e-05	8.932521e-06	2.494512e-06	8.849050e-06	
11.658341	1.860531e-05	8.913606e-06	2.597999e-06	8.931117e-06	
11.659342	1.890466e-05	8.893058e-06	2.721322e-06	9.008612e-06	
11.660343	1.921525e-05	8.870873e-06	2.865299e-06	9.081283e-06	
11.661344	1.953636e-05	8.847047e-06	3.030745e-06	9.148879e-06	
11.662344	1.986727e-05	8.821576e-06	3.218479e-06	9.211150e-06	
11.663345	2.020725e-05	8.794456e-06	3.429317e-06	9.267843e-06	
11.664346	2.055559e-05	8.765685e-06	3.664077e-06	9.318708e-06	
11.665347	2.091157e-05	8.735257e-06	3.923576e-06	9.363494e-06	
11.666348	2.127445e-05	8.703170e-06	4.208631e-06	9.401948e-06	
11.667349	2.164352e-05	8.669420e-06	4.520058e-06	9.433821e-06	
11.668350	2.201805e-05	8.634002e-06	4.858676e-06	9.458860e-06	
11.669351	2.239733e-05	8.596914e-06	5.225302e-06	9.476815e-06	
11.670352	2.278063e-05	8.558150e-06	5.620752e-06	9.487435e-06	
11.671353	2.316723e-05	8.517709e-06	6.045843e-06	9.490468e-06	
11.672353	2.355641e-05	8.475585e-06	6.501393e-06	9.485662e-06	
11.673354	2.394744e-05	8.431775e-06	6.988219e-06	9.472768e-06	
11.674355	2.433961e-05	8.386275e-06	7.507139e-06	9.451533e-06	
11.675356	2.473224e-05	8.339096e-06	8.058708e-06	9.421761e-06	
11.676357	2.512505e-05	8.290334e-06	8.641832e-06	9.383610e-06	
11.677358	2.551788e-05	8.240120e-06	9.254760e-06	9.337373e-06	
11.678359	2.591059e-05	8.188586e-06	9.895744e-06	9.283346e-06	
11.679360	2.630302e-05	8.135863e-06	1.056303e-05	9.221824e-06	
11.680361	2.669503e-05	8.082082e-06	1.125488e-05	9.153103e-06	
11.681362	2.708647e-05	8.027374e-06	1.196954e-05	9.077476e-06	
11.682362	2.747719e-05	7.971871e-06	1.270525e-05	8.995240e-06	
11.683363	2.786703e-05	7.915705e-06	1.346027e-05	8.906690e-06	
11.684364	2.825586e-05	7.859005e-06	1.423285e-05	8.812120e-06	
11.685365	2.864351e-05	7.801904e-06	1.502125e-05	8.711826e-06	
11.686366	2.902985e-05	7.744533e-06	1.582370e-05	8.606104e-06	
11.687367	2.941471e-05	7.687023e-06	1.663846e-05	8.495247e-06	
11.688368	2.979796e-05	7.629505e-06	1.746378e-05	8.379551e-06	
11.689369	3.017945e-05	7.572111e-06	1.829792e-05	8.259312e-06	
11.690370	3.055901e-05	7.514971e-06	1.913912e-05	8.134824e-06	
11.691371	3.093652e-05	7.458218e-06	1.998563e-05	8.006383e-06	
11.692372	3.131181e-05	7.401983e-06	2.083571e-05	7.874284e-06	
11.693372	3.168473e-05	7.346396e-06	2.168760e-05	7.738821e-06	
11.694373	3.205514e-05	7.291589e-06	2.253955e-05	7.600291e-06	
11.695374	3.242289e-05	7.237693e-06	2.338982e-05	7.458987e-06	
11.696375	3.278783e-05	7.184840e-06	2.423666e-05	7.315206e-06	
11.697376	3.314981e-05	7.133160e-06	2.507831e-05	7.169242e-06	
11.698377	3.350868e-05	7.082786e-06	2.591303e-05	7.021391e-06	
11.699378	3.386429e-05	7.033848e-06	2.673907e-05	6.871948e-06	
11.700379	3.421649e-05	6.986477e-06	2.755467e-05	6.721207e-06	
11.701380	3.456513e-05	6.940806e-06	2.835810e-05	6.569465e-06	
11.702381	3.491007e-05	6.896965e-06	2.914759e-05	6.417015e-06	
11.703381	3.525115e-05	6.855085e-06	2.992140e-05	6.264154e-06	
11.704382	3.558823e-05	6.815297e-06	3.067779e-05	6.111176e-06	
11.705383	3.592115e-05	6.777734e-06	3.141499e-05	5.958376e-06	
11.706384	3.624976e-05	6.742526e-06	3.213127e-05	5.806050e-06	
11.707385	3.657393e-05	6.709804e-06	3.282487e-05	5.654493e-06	
11.708386	3.689349e-05	6.679700e-06	3.349404e-05	5.504000e-06	
11.709387	3.720830e-05	6.652346e-06	3.413704e-05	5.354865e-06	
11.710388	3.751821e-05	6.627871e-06	3.475211e-05	5.207385e-06	
11.711389	3.782307e-05	6.606408e-06	3.533750e-05	5.061854e-06	
11.712390	3.812273e-05	6.588088e-06	3.589147e-05	4.918568e-06	
11.713390	3.841705e-05	6.573042e-06	3.641226e-05	4.777821e-06	
11.714391	3.870586e-05	6.561402e-06	3.689813e-05	4.639909e-06	
11.715392	3.898903e-05	6.553298e-06	3.734733e-05	4.505126e-06	
11.716393	3.926640e-05	6.548862e-06	3.775811e-05	4.373769e-06	
11.717394	3.953783e-05	6.548226e-06	3.812871e-05	4.246131e-06	
11.718395	3.980316e-05	6.551520e-06	3.845739e-05	4.122509e-06	
11.719396	4.006225e-05	6.558875e-06	3.874240e-05	4.003197e-06	
11.720397	4.031494e-05	6.570424e-06	3.898199e-05	3.888491e-06	
11.721398	4.056109e-05	6.586297e-06	3.917441e-05	3.778685e-06	
11.722399	4.080056e-05	6.606625e-06	3.931791e-05	3.674075e-06	
11.723399	4.103318e-05	6.631540e-06	3.941074e-05	3.574956e-06	
11.724400	4.125881e-05	6.661174e-06	3.945115e-05	3.481622e-06	
11.725401	4.147730e-05	6.695622e-06	3.943780e-05	3.394317e-06	
11.726402	4.168850e-05	6.734789e-06	3.937161e-05	3.312985e-06	
11.727403	4.189226e-05	6.778513e-06	3.925428e-05	3.237470e-06	
11.728404	4.208843e-05	6.826632e-06	3.908751e-05	3.167616e-06	
11.729405	4.227687e-05	6.878982e-06	3.887299e-05	3.103265e-06	
11.730406	4.245742e-05	6.935403e-06	3.861242e-05	3.044263e-06	
11.731407	4.262993e-05	6.995732e-06	3.830751e-05	2.990451e-06	
11.732408	4.279425e-05	7.059807e-06	3.795995e-05	2.941673e-06	
11.733408	4.295023e-05	7.127466e-06	3.757145e-05	2.897774e-06	
11.734409	4.309773e-05	7.198546e-06	3.714370e-05	2.858596e-06	
11.735410	4.323659e-05	7.272885e-06	3.667840e-05	2.823983e-06	
11.736411	4.336666e-05	7.350320e-06	3.617725e-05	2.793778e-06	
11.737412	4.348780e-05	7.430691e-06	3.564196e-05	2.767826e-06	
11.738413	4.359985e-05	7.513835e-06	3.507421e-05	2.745968e-06	
11.739414	4.370266e-05	7.599588e-06	3.447571e-05	2.728050e-06	
11.740415	4.379609e-05	7.687790e-06	3.384816e-05	2.713913e-06	
11.741416	4.387998e-05	7.778278e-06	3.319326e-05	2.703403e-06	
11.742417	4.395419e-05	7.870889e-06	3.251270e-05	2.696362e-06	
11.743417	4.401856e-05	7.965463e-06	3.180820e-05	2.692633e-06	
11.744418	4.407295e-05	8.061835e-06	3.108143e-05	2.692061e-06	
11.745419	4.411720e-05	8.159845e-06	3.033412e-05	2.694488e-06	
11.746420	4.415117e-05	8.259329e-06	2.956794e-05	2.699759e-06	
11.747421	4.417470e-05	8.360127e-06	2.878462e-05	2.707716e-06	
11.748422	4.418765e-05	8.462075e-06	2.798583e-05	2.718204e-06	
11.749423	4.418986e-05	8.565011e-06	2.717329e-05	2.731065e-06	
11.750424	4.418120e-05	8.668773e-06	2.634869e-05	2.746144e-06	
11.751425	4.416149e-05	8.773200e-06	2.551373e-05	2.763282e-06	
11.752426	4.413061e-05	8.878128e-06	2.467011e-05	2.782325e-06	
11.753427	4.408839e-05	8.983395e-06	2.381953e-05	2.803116e-06	
11.754427	4.403469e-05	9.088840e-06	2.296369e-05	2.825498e-06	
11.755428	4.396936e-05	9.194300e-06	2.210429e-05	2.849314e-06	
11.756429	4.389224e-05	9.299613e-06	2.124303e-05	2.874408e-06	
11.757430	4.380319e-05	9.404617e-06	2.038160e-05	2.900623e-06	
11.758431	4.370206e-05	9.509149e-06	1.952171e-05	2.927804e-06	
11.759432	4.358870e-05	9.613048e-06	1.866506e-05	2.955793e-06	
11.760433	4.346296e-05	9.716151e-06	1.781334e-05	2.984434e-06	
11.761434	4.332469e-05	9.818295e-06	1.696826e-05	3.013570e-06	
11.762435	4.317373e-05	9.919320e-06	1.613151e-05	3.043046e-06	
11.763436	4.300995e-05	1.001906e-05	1.530479e-05	3.072703e-06	
11.764436	4.283318e-05	1.011736e-05	1.448981e-05	3.102387e-06	
11.765437	4.264329e-05	1.021405e-05	1.368826e-05	3.131939e-06	
11.766438	4.244011e-05	1.030897e-05	1.290184e-05	3.161205e-06	
11.767439	4.222350e-05	1.040196e-05	1.213225e-05	3.190027e-06	
11.768440	4.199332e-05	1.049286e-05	1.138120e-05	3.218249e-06	
11.769441	4.174940e-05	1.058150e-05	1.065037e-05	3.245714e-06	
11.770442	4.149161e-05	1.066772e-05	9.941466e-06	3.272265e-06	
11.771443	4.121979e-05	1.075136e-05	9.256194e-06	3.297747e-06	
11.772444	4.093379e-05	1.083226e-05	8.596249e-06	3.322003e-06	
11.773445	4.063346e-05	1.091026e-05	7.963332e-06	3.344875e-06	
11.774445	4.031865e-05	1.098519e-05	7.359140e-06	3.366209e-06	
11.775446	3.998931e-05	1.105691e-05	6.785050e-06	3.385874e-06	
11.776447	3.964584e-05	1.112542e-05	6.240866e-06	3.403876e-06	
11.777448	3.928879e-05	1.119071e-05	5.725923e-06	3.420260e-06	
11.778449	3.891870e-05	1.125282e-05	5.239550e-06	3.435073e-06	
11.779450	3.853611e-05	1.131176e-05	4.781080e-06	3.448358e-06	
11.780451	3.814158e-05	1.136754e-05	4.349846e-06	3.460163e-06	
11.781452	3.773563e-05	1.142018e-05	3.945178e-06	3.470531e-06	
11.782453	3.731883e-05	1.146971e-05	3.566409e-06	3.479510e-06	
11.783454	3.689171e-05	1.151613e-05	3.212871e-06	3.487144e-06	
11.784454	3.645482e-05	1.155947e-05	2.883896e-06	3.493478e-06	
11.785455	3.600870e-05	1.159974e-05	2.578815e-06	3.498559e-06	
11.786456	3.555389e-05	1.163696e-05	2.296960e-06	3.502432e-06	
11.787457	3.509095e-05	1.167115e-05	2.037664e-06	3.505142e-06	
11.788458	3.462041e-05	1.170232e-05	1.800259e-06	3.506735e-06	
11.789459	3.414282e-05	1.173049e-05	1.584076e-06	3.507256e-06	
11.790460	3.365872e-05	1.175568e-05	1.388446e-06	3.506751e-06	
11.791461	3.316866e-05	1.177790e-05	1.212703e-06	3.505266e-06	
11.792462	3.267319e-05	1.179718e-05	1.056178e-06	3.502845e-06	
11.793463	3.217284e-05	1.181353e-05	9.182029e-07	3.499534e-06	
11.794463	3.166816e-05	1.182696e-05	7.981095e-07	3.495379e-06	
11.795464	3.115969e-05	1.183750e-05	6.952299e-07	3.490426e-06	
11.796465	3.064799e-05	1.184516e-05	6.088959e-07	3.484719e-06	
11.797466	3.013358e-05	1.184996e-05	5.384394e-07	3.478304e-06	
11.798467	2.961703e-05	1.185192e-05	4.831925e-07	3.471227e-06	
11.799468	2.909887e-05	1.185105e-05	4.424869e-07	3.463534e-06	
11.800469	2.857965e-05	1.184737e-05	4.156547e-07	3.455269e-06	
11.801470	2.805991e-05	1.184090e-05	4.020276e-07	3.446479e-06	
11.802471	2.754019e-05	1.183165e-05	4.009378e-07	3.437208e-06	
11.803472	2.702104e-05	1.181964e-05	4.117169e-07	3.427502e-06	
11.804472	2.650301e-05	1.180490e-05	4.336971e-07	3.417408e-06	
11.805473	2.598664e-05	1.178743e-05	4.662101e-07	3.406969e-06	
11.806474	2.547247e-05	1.176726e-05	5.085879e-07	3.396232e-06	
11.807475	2.496105e-05	1.174440e-05	5.601625e-07	3.385243e-06	
11.808476	2.445292e-05	1.171886e-05	6.202657e-07	3.374046e-06	
11.809477	2.394862e-05	1.169067e-05	6.882294e-07	3.362688e-06	
11.810478	2.344871e-05	1.165985e-05	7.633856e-07	3.351213e-06	
11.811479	2.295372e-05	1.162640e-05	8.450662e-07	3.339667e-06	
11.812480	2.246420e-05	1.159036e-05	9.326030e-07	3.328097e-06	
11.813481	2.198070e-05	1.155172e-05	1.025328e-06	3.316546e-06	
11.814482	2.150375e-05	1.151052e-05	1.122573e-06	3.305061e-06	
11.815482	2.103391e-05	1.146677e-05	1.223671e-06	3.293687e-06	
11.816483	2.057171e-05	1.142049e-05	1.327952e-06	3.282470e-06	
11.817484	2.011770e-05	1.137169e-05	1.434749e-06	3.271456e-06	
11.818485	1.967243e-05	1.132039e-05	1.543394e-06	3.260689e-06	
11.819486	1.923644e-05	1.126660e-05	1.653218e-06	3.250215e-06	
11.820487	1.881027e-05	1.121036e-05	1.763554e-06	3.240080e-06	
11.821488	1.839447e-05	1.115166e-05	1.873734e-06	3.230329e-06	
11.822489	1.798958e-05	1.109054e-05	1.983089e-06	3.221007e-06	
11.823490	1.759616e-05	1.102700e-05	2.090951e-06	3.212161e-06	
11.824491	1.721473e-05	1.096107e-05	2.196653e-06	3.203836e-06	
11.825491	1.684574e-05	1.089276e-05	2.299638e-06	3.196074e-06	
11.826492	1.648918e-05	1.082210e-05	2.399820e-06	3.188910e-06	
11.827493	1.614490e-05	1.074912e-05	2.497241e-06	3.182374e-06	
11.828494	1.581279e-05	1.067383e-05	2.591939e-06	3.176497e-06	
11.829495	1.549269e-05	1.059628e-05	2.683954e-06	3.171310e-06	
11.830496	1.518448e-05	1.051648e-05	2.773327e-06	3.166843e-06	
11.831497	1.488803e-05	1.043446e-05	2.860096e-06	3.163128e-06	
11.832498	1.460320e-05	1.035025e-05	2.944303e-06	3.160195e-06	
11.833499	1.432985e-05	1.026388e-05	3.025985e-06	3.158075e-06	
11.834500	1.406786e-05	1.017538e-05	3.105185e-06	3.156800e-06	
11.835500	1.381709e-05	1.008476e-05	3.181940e-06	3.156399e-06	
11.836501	1.357739e-05	9.992061e-06	3.256291e-06	3.156904e-06	
11.837502	1.334865e-05	9.897305e-06	3.328277e-06	3.158345e-06	
11.838503	1.313073e-05	9.800520e-06	3.397939e-06	3.160754e-06	
11.839504	1.292349e-05	9.701733e-06	3.465317e-06	3.164161e-06	
11.840505	1.272679e-05	9.600970e-06	3.530449e-06	3.168598e-06	
11.841506	1.254051e-05	9.498259e-06	3.593376e-06	3.174094e-06	
11.842507	1.236451e-05	9.393626e-06	3.654137e-06	3.180680e-06	
11.843508	1.219866e-05	9.287098e-06	3.712773e-06	3.188389e-06	
11.844509	1.204282e-05	9.178702e-06	3.769323e-06	3.197249e-06	
11.845509	1.189686e-05	9.068466e-06	3.823827e-06	3.207293e-06	
11.846510	1.176064e-05	8.956415e-06	3.876324e-06	3.218551e-06	
11.847511	1.163403e-05	8.842577e-06	3.926855e-06	3.231055e-06	
11.848512	1.151690e-05	8.726978e-06	3.975459e-06	3.244833e-06	
11.849513	1.140911e-05	8.609646e-06	4.022176e-06	3.259919e-06	
11.850514	1.131053e-05	8.490607e-06	4.067046e-06	3.276342e-06	
11.851515	1.122102e-05	8.369889e-06	4.110108e-06	3.294133e-06	
11.852516	1.114045e-05	8.247517e-06	4.151403e-06	3.313323e-06	
11.853517	1.106869e-05	8.123519e-06	4.190970e-06	3.333944e-06	
11.854518	1.100560e-05	7.997923e-06	4.228849e-06	3.356025e-06	
11.855518	1.095105e-05	7.870754e-06	4.265079e-06	3.379598e-06	
11.856519	1.090490e-05	7.742039e-06	4.299701e-06	3.404693e-06	
11.857520	1.086703e-05	7.611806e-06	4.332755e-06	3.431342e-06	
11.858521	1.083728e-05	7.480082e-06	4.364279e-06	3.459575e-06	
11.859522	1.081555e-05	7.346892e-06	4.394314e-06	3.489422e-06	
11.860523	1.080167e-05	7.212265e-06	4.422899e-06	3.520916e-06	
11.861524	1.079554e-05	7.076227e-06	4.450075e-06	3.554087e-06	
11.862525	1.079700e-05	6.938804e-06	4.475882e-06	3.588965e-06	
11.863526	1.080593e-05	6.800024e-06	4.500358e-06	3.625581e-06	
11.864527	1.082219e-05	6.659914e-06	4.523543e-06	3.663967e-06	
11.865528	1.084565e-05	6.518500e-06	4.545479e-06	3.704152e-06	
11.866528	1.087617e-05	6.375810e-06	4.566203e-06	3.746169e-06	
11.867529	1.091363e-05	6.231870e-06	4.585757e-06	3.790047e-06	
11.868530	1.095788e-05	6.086707e-06	4.604179e-06	3.835818e-06	
11.869531	1.100879e-05	5.940348e-06	4.621510e-06	3.883513e-06	
11.870532	1.106623e-05	5.792819e-06	4.637789e-06	3.933161e-06	
11.871533	1.113006e-05	5.644149e-06	4.653057e-06	3.984795e-06	
11.872534	1.120016e-05	5.494363e-06	4.667353e-06	4.038445e-06	
11.873535	1.127637e-05	5.343489e-06	4.680716e-06	4.094141e-06	
11.874536	1.135859e-05	5.191552e-06	4.693187e-06	4.151915e-06	
11.875537	1.144663e-05	5.038644e-06	4.704799e-06	4.211771e-06	
11.876537	1.154026e-05	4.885080e-06	4.715569e-06	4.273614e-06	
11.877538	1.163921e-05	4.731233e-06	4.725507e-06	4.337325e-06	
11.878539	1.174322e-05	4.577473e-06	4.734623e-06	4.402788e-06	
11.879540	1.185201e-05	4.424172e-06	4.742929e-06	4.469883e-06	
11.880541	1.196531e-05	4.271699e-06	4.750434e-06	4.538495e-06	
11.881542	1.208287e-05	4.120426e-06	4.757149e-06	4.608504e-06	
11.882543	1.220440e-05	3.970725e-06	4.763085e-06	4.679793e-06	
11.883544	1.232966e-05	3.822965e-06	4.768253e-06	4.752245e-06	
11.884545	1.245836e-05	3.677517e-06	4.772664e-06	4.825741e-06	
11.885546	1.259024e-05	3.534754e-06	4.776327e-06	4.900164e-06	
11.886546	1.272503e-05	3.395045e-06	4.779254e-06	4.975395e-06	
11.887547	1.286247e-05	3.258762e-06	4.781455e-06	5.051318e-06	
11.888548	1.300228e-05	3.126275e-06	4.782941e-06	5.127814e-06	
11.889549	1.314421e-05	2.997955e-06	4.783722e-06	5.204765e-06	
11.890550	1.328798e-05	2.874174e-06	4.783810e-06	5.282055e-06	
11.891551	1.343332e-05	2.755302e-06	4.783214e-06	5.359564e-06	
11.892552	1.357997e-05	2.641710e-06	4.781946e-06	5.437175e-06	
11.893553	1.372766e-05	2.533769e-06	4.780015e-06	5.514771e-06	
11.894554	1.387613e-05	2.431850e-06	4.777434e-06	5.592234e-06	
11.895555	1.402510e-05	2.336324e-06	4.774212e-06	5.669445e-06	
11.896555	1.417431e-05	2.247561e-06	4.770359e-06	5.746288e-06	
11.897556	1.432349e-05	2.165934e-06	4.765888e-06	5.822643e-06	
11.898557	1.447238e-05	2.091812e-06	4.760808e-06	5.898395e-06	
11.899558	1.462070e-05	2.025566e-06	4.755129e-06	5.973424e-06	
11.900559	1.476818e-05	1.967569e-06	4.748863e-06	6.047613e-06	
11.901560	1.491457e-05	1.918189e-06	4.742021e-06	6.120844e-06	
11.902561	1.505960e-05	1.877799e-06	4.734612e-06	6.192999e-06	
11.903562	1.520299e-05	1.846769e-06	4.726648e-06	6.263961e-06	
11.904563	1.534447e-05	1.825471e-06	4.718138e-06	6.333612e-06	
11.905564	1.548379e-05	1.814274e-06	4.709095e-06	6.401834e-06	
11.906564	1.562068e-05	1.813551e-06	4.699528e-06	6.468510e-06	
11.907565	1.575486e-05	1.823671e-06	4.689448e-06	6.533520e-06	
11.908566	1.588607e-05	1.845006e-06	4.678866e-06	6.596749e-06	
11.909567	1.601404e-05	1.877927e-06	4.667792e-06	6.658077e-06	
11.910568	1.613850e-05	1.922805e-06	4.656237e-06	6.717388e-06	
11.911569	1.625919e-05	1.980010e-06	4.644211e-06	6.774562e-06	
11.912570	1.637584e-05	2.049914e-06	4.631726e-06	6.829484e-06	
11.913571	1.648819e-05	2.132888e-06	4.618792e-06	6.882034e-06	
11.914572	1.659595e-05	2.229302e-06	4.605419e-06	6.932095e-06	
11.915573	1.669888e-05	2.339527e-06	4.591619e-06	6.979550e-06	
11.916573	1.679669e-05	2.463934e-06	4.577401e-06	7.024280e-06	
11.917574	1.688913e-05	2.602895e-06	4.562777e-06	7.066167e-06	
11.918575	1.697592e-05	2.756779e-06	4.547756e-06	7.105095e-06	
11.919576	1.705680e-05	2.925959e-06	4.532351e-06	7.140944e-06	
11.920577	1.713149e-05	3.110805e-06	4.516571e-06	7.173598e-06	
11.921578	1.719974e-05	3.311687e-06	4.500427e-06	7.202938e-06	
11.922579	1.726128e-05	3.528977e-06	4.483930e-06	7.228848e-06	
11.923580	1.731583e-05	3.763046e-06	4.467090e-06	7.251208e-06	
11.924581	1.736313e-05	4.014264e-06	4.449918e-06	7.269901e-06	
11.925582	1.740302e-05	4.282760e-06	4.432437e-06	7.284857e-06	
11.926583	1.743561e-05	4.567873e-06	4.414711e-06	7.296156e-06	
11.927583	1.746112e-05	4.868786e-06	4.396813e-06	7.303910e-06	
11.928584	1.747973e-05	5.184682e-06	4.378816e-06	7.308229e-06	
11.929585	1.749165e-05	5.514744e-06	4.360790e-06	7.309226e-06	
11.930586	1.749708e-05	5.858155e-06	4.342809e-06	7.307011e-06	
11.931587	1.749621e-05	6.214096e-06	4.324945e-06	7.301697e-06	
11.932588	1.748924e-05	6.581752e-06	4.307270e-06	7.293393e-06	
11.933589	1.747636e-05	6.960303e-06	4.289856e-06	7.282213e-06	
11.934590	1.745778e-05	7.348934e-06	4.272776e-06	7.268266e-06	
11.935591	1.743369e-05	7.746826e-06	4.256103e-06	7.251665e-06	
11.936592	1.740429e-05	8.153163e-06	4.239908e-06	7.232520e-06	
11.937592	1.736978e-05	8.567126e-06	4.224263e-06	7.210943e-06	
11.938593	1.733036e-05	8.987900e-06	4.209242e-06	7.187046e-06	
11.939594	1.728622e-05	9.414665e-06	4.194915e-06	7.160939e-06	
11.940595	1.723756e-05	9.846606e-06	4.181357e-06	7.132734e-06	
11.941596	1.718457e-05	1.028290e-05	4.168638e-06	7.102543e-06	
11.942597	1.712747e-05	1.072274e-05	4.156832e-06	7.070477e-06	
11.943598	1.706643e-05	1.116530e-05	4.146010e-06	7.036646e-06	
11.944599	1.700167e-05	1.160977e-05	4.136246e-06	7.001163e-06	
11.945600	1.693337e-05	1.205533e-05	4.127610e-06	6.964139e-06	
11.946601	1.686175e-05	1.250115e-05	4.120176e-06	6.925684e-06	
11.947601	1.678698e-05	1.294643e-05	4.114015e-06	6.885912e-06	
11.948602	1.670928e-05	1.339035e-05	4.109201e-06	6.844932e-06	
11.949603	1.662884e-05	1.383208e-05	4.105805e-06	6.802856e-06	
11.950604	1.654585e-05	1.427082e-05	4.103900e-06	6.759795e-06	
11.951605	1.646052e-05	1.470574e-05	4.103558e-06	6.715862e-06	
11.952606	1.637304e-05	1.513603e-05	4.104852e-06	6.671166e-06	
11.953607	1.628361e-05	1.556087e-05	4.107852e-06	6.625820e-06	
11.954608	1.619243e-05	1.597944e-05	4.112633e-06	6.579935e-06	
11.955609	1.609969e-05	1.639092e-05	4.119266e-06	6.533622e-06	
11.956610	1.600560e-05	1.679450e-05	4.127824e-06	6.486993e-06	
11.957610	1.591034e-05	1.718937e-05	4.138379e-06	6.440159e-06	
11.958611	1.581413e-05	1.757469e-05	4.151002e-06	6.393230e-06	
11.959612	1.571715e-05	1.794966e-05	4.165768e-06	6.346320e-06	
11.960613	1.561960e-05	1.831346e-05	4.182747e-06	6.299538e-06	
11.961614	1.552168e-05	1.866527e-05	4.202012e-06	6.252996e-06	
11.962615	1.542359e-05	1.900427e-05	4.223636e-06	6.206806e-06	
11.963616	1.532553e-05	1.932965e-05	4.247690e-06	6.161079e-06	
11.964617	1.522769e-05	1.964059e-05	4.274247e-06	6.115926e-06	
11.965618	1.513028e-05	1.993627e-05	4.303380e-06	6.071459e-06	
11.966619	1.503348e-05	2.021587e-05	4.335160e-06	6.027789e-06	
11.967619	1.493750e-05	2.047858e-05	4.369661e-06	5.985027e-06	
11.968620	1.484253e-05	2.072358e-05	4.406953e-06	5.943284e-06	
11.969621	1.474877e-05	2.095006e-05	4.447110e-06	5.902673e-06	
11.970622	1.465643e-05	2.115718e-05	4.490204e-06	5.863304e-06	
11.971623	1.456569e-05	2.134415e-05	4.536307e-06	5.825289e-06	
11.972624	1.447675e-05	2.151013e-05	4.585492e-06	5.788739e-06	
11.973625	1.438982e-05	2.165432e-05	4.637831e-06	5.753765e-06	
11.974626	1.430509e-05	2.177589e-05	4.693395e-06	5.720478e-06	
11.975627	1.422270e-05	2.187448e-05	4.752191e-06	5.688959e-06	
11.976628	1.414267e-05	2.195100e-05	4.814037e-06	5.659197e-06	
11.977628	1.406498e-05	2.200657e-05	4.878715e-06	5.631166e-06	
11.978629	1.398960e-05	2.204233e-05	4.946012e-06	5.604840e-06	
11.979630	1.391652e-05	2.205940e-05	5.015710e-06	5.580192e-06	
11.980631	1.384572e-05	2.205891e-05	5.087595e-06	5.557198e-06	
11.981632	1.377719e-05	2.204200e-05	5.161450e-06	5.535830e-06	
11.982633	1.371089e-05	2.200979e-05	5.237061e-06	5.516062e-06	
11.983634	1.364683e-05	2.196341e-05	5.314211e-06	5.497870e-06	
11.984635	1.358497e-05	2.190399e-05	5.392684e-06	5.481226e-06	
11.985636	1.352530e-05	2.183266e-05	5.472266e-06	5.466105e-06	
11.986637	1.346780e-05	2.175055e-05	5.552740e-06	5.452480e-06	
11.987638	1.341245e-05	2.165879e-05	5.633891e-06	5.440326e-06	
11.988638	1.335924e-05	2.155852e-05	5.715502e-06	5.429617e-06	
11.989639	1.330814e-05	2.145084e-05	5.797359e-06	5.420326e-06	
11.990640	1.325914e-05	2.133691e-05	5.879246e-06	5.412428e-06	
11.991641	1.321222e-05	2.121785e-05	5.960947e-06	5.405895e-06	
11.992642	1.316736e-05	2.109478e-05	6.042246e-06	5.400704e-06	
11.993643	1.312454e-05	2.096884e-05	6.122927e-06	5.396827e-06	
11.994644	1.308374e-05	2.084115e-05	6.202776e-06	5.394238e-06	
11.995645	1.304495e-05	2.071285e-05	6.281576e-06	5.392911e-06	
11.996646	1.300815e-05	2.058506e-05	6.359111e-06	5.392821e-06	
11.997647	1.297331e-05	2.045892e-05	6.435167e-06	5.393940e-06	
11.998647	1.294043e-05	2.033555e-05	6.509527e-06	5.396244e-06	
11.999648	1.290948e-05	2.021609e-05	6.581975e-06	5.399707e-06	
12.000649	1.288044e-05	2.010166e-05	6.652297e-06	5.404301e-06	
12.001650	1.285330e-05	1.999339e-05	6.720275e-06	5.410002e-06	
12.002651	1.282803e-05	1.989241e-05	6.785696e-06	5.416782e-06	
12.003652	1.280463e-05	1.979985e-05	6.848342e-06	5.424617e-06	
12.004653	1.278306e-05	1.971685e-05	6.907999e-06	5.433479e-06	
12.005654	1.276331e-05	1.964452e-05	6.964450e-06	5.443344e-06	
12.006655	1.274537e-05	1.958401e-05	7.017480e-06	5.454184e-06	
12.007656	1.272922e-05	1.953643e-05	7.066873e-06	5.465974e-06	
12.008656	1.271483e-05	1.950292e-05	7.112414e-06	5.478689e-06	
12.009657	1.270219e-05	1.948461e-05	7.153887e-06	5.492301e-06	
12.010658	1.269128e-05	1.948263e-05	7.191076e-06	5.506785e-06	
12.011659	1.268208e-05	1.949811e-05	7.223766e-06	5.522114e-06	
12.012660	1.267458e-05	1.953217e-05	7.251741e-06	5.538263e-06	
12.013661	1.266875e-05	1.958595e-05	7.274784e-06	5.555206e-06	
12.014662	1.266458e-05	1.966057e-05	7.292682e-06	5.572917e-06	
12.015663	1.266205e-05	1.975717e-05	7.305217e-06	5.591369e-06	
12.016664	1.266113e-05	1.987687e-05	7.312175e-06	5.610537e-06	
12.017665	1.266182e-05	2.002080e-05	7.313339e-06	5.630395e-06	
12.018665	1.266410e-05	2.019010e-05	7.308494e-06	5.650916e-06	
12.019666	1.266793e-05	2.038590e-05	7.297424e-06	5.672074e-06	
12.020667	1.267332e-05	2.060931e-05	7.279914e-06	5.693844e-06	
12.021668	1.268023e-05	2.086148e-05	7.255748e-06	5.716200e-06	
12.022669	1.268866e-05	2.114353e-05	7.224709e-06	5.739114e-06	
12.023670	1.269857e-05	2.145659e-05	7.186584e-06	5.762562e-06	
12.024671	1.270996e-05	2.180178e-05	7.141155e-06	5.786518e-06	
12.025672	1.272279e-05	2.217957e-05	7.088360e-06	5.810946e-06	
12.026673	1.273700e-05	2.258869e-05	7.028511e-06	5.835789e-06	
12.027674	1.275252e-05	2.302766e-05	6.961977e-06	5.860987e-06	
12.028674	1.276927e-05	2.349496e-05	6.889126e-06	5.886480e-06	
12.029675	1.278720e-05	2.398911e-05	6.810330e-06	5.912207e-06	
12.030676	1.280623e-05	2.450859e-05	6.725958e-06	5.938109e-06	
12.031677	1.282630e-05	2.505192e-05	6.636378e-06	5.964124e-06	
12.032678	1.284733e-05	2.561757e-05	6.541960e-06	5.990193e-06	
12.033679	1.286925e-05	2.620406e-05	6.443075e-06	6.016254e-06	
12.034680	1.289200e-05	2.680989e-05	6.340090e-06	6.042249e-06	
12.035681	1.291551e-05	2.743355e-05	6.233377e-06	6.068116e-06	
12.036682	1.293971e-05	2.807353e-05	6.123303e-06	6.093794e-06	
12.037683	1.296452e-05	2.872835e-05	6.010239e-06	6.119225e-06	
12.038683	1.298989e-05	2.939650e-05	5.894555e-06	6.144347e-06	
12.039684	1.301574e-05	3.007648e-05	5.776619e-06	6.169100e-06	
12.040685	1.304200e-05	3.076678e-05	5.656801e-06	6.193424e-06	
12.041686	1.306860e-05	3.146591e-05	5.535471e-06	6.217258e-06	
12.042687	1.309548e-05	3.217237e-05	5.412998e-06	6.240543e-06	
12.043688	1.312257e-05	3.288465e-05	5.289752e-06	6.263217e-06	
12.044689	1.314979e-05	3.360125e-05	5.166101e-06	6.285220e-06	
12.045690	1.317708e-05	3.432067e-05	5.042416e-06	6.306493e-06	
12.046691	1.320437e-05	3.504142e-05	4.919066e-06	6.326974e-06	
12.047692	1.323159e-05	3.576198e-05	4.796421e-06	6.346604e-06	
12.048693	1.325867e-05	3.648086e-05	4.674849e-06	6.365322e-06	
12.049693	1.328554e-05	3.719656e-05	4.554721e-06	6.383067e-06	
12.050694	1.331214e-05	3.790758e-05	4.436406e-06	6.399780e-06	
12.051695	1.333839e-05	3.861241e-05	4.320273e-06	6.415400e-06	
12.052696	1.336423e-05	3.930956e-05	4.206691e-06	6.429867e-06	
12.053697	1.338958e-05	3.999751e-05	4.096031e-06	6.443120e-06	
12.054698	1.341438e-05	4.067478e-05	3.988662e-06	6.455100e-06	
12.055699	1.343856e-05	4.133986e-05	3.884953e-06	6.465745e-06	
12.056700	1.346204e-05	4.199125e-05	3.785274e-06	6.474995e-06	
12.057701	1.348477e-05	4.262745e-05	3.689994e-06	6.482791e-06	
12.058702	1.350667e-05	4.324696e-05	3.599483e-06	6.489071e-06	
12.059702	1.352767e-05	4.384827e-05	3.514110e-06	6.493776e-06	
12.060703	1.354771e-05	4.442989e-05	3.434244e-06	6.496845e-06	
12.061704	1.356671e-05	4.499032e-05	3.360256e-06	6.498218e-06	
12.062705	1.358461e-05	4.552804e-05	3.292514e-06	6.497834e-06	
12.063706	1.360133e-05	4.604157e-05	3.231388e-06	6.495633e-06	
12.064707	1.361681e-05	4.652940e-05	3.177247e-06	6.491555e-06	
12.065708	1.363098e-05	4.699003e-05	3.130462e-06	6.485539e-06	
12.066709	1.364378e-05	4.742196e-05	3.091401e-06	6.477526e-06	
12.067710	1.365512e-05	4.782369e-05	3.060434e-06	6.467454e-06	
12.068711	1.366494e-05	4.819371e-05	3.037930e-06	6.455263e-06	
12.069711	1.367318e-05	4.853053e-05	3.024259e-06	6.440894e-06	
12.070712	1.367976e-05	4.883264e-05	3.019791e-06	6.424286e-06	
12.071713	1.368462e-05	4.909855e-05	3.024894e-06	6.405378e-06	
12.072714	1.368768e-05	4.932675e-05	3.039939e-06	6.384110e-06	
12.073715	1.368888e-05	4.951574e-05	3.065294e-06	6.360421e-06	
12.074716	1.368815e-05	4.966402e-05	3.101329e-06	6.334253e-06	
12.075717	1.368543e-05	4.977089e-05	3.148245e-06	6.305590e-06	
12.076718	1.368065e-05	4.983736e-05	3.205879e-06	6.274521e-06	
12.077719	1.367379e-05	4.986467e-05	3.274020e-06	6.241145e-06	
12.078720	1.366477e-05	4.985407e-05	3.352456e-06	6.205563e-06	
12.079720	1.365356e-05	4.980679e-05	3.440975e-06	6.167877e-06	
12.080721	1.364011e-05	4.972408e-05	3.539367e-06	6.128186e-06	
12.081722	1.362436e-05	4.960719e-05	3.647420e-06	6.086592e-06	
12.082723	1.360626e-05	4.945734e-05	3.764923e-06	6.043195e-06	
12.083724	1.358577e-05	4.927580e-05	3.891664e-06	5.998095e-06	
12.084725	1.356284e-05	4.906379e-05	4.027432e-06	5.951394e-06	
12.085726	1.353741e-05	4.882256e-05	4.172015e-06	5.903192e-06	
12.086727	1.350944e-05	4.855335e-05	4.325203e-06	5.853589e-06	
12.087728	1.347888e-05	4.825741e-05	4.486783e-06	5.802686e-06	
12.088729	1.344567e-05	4.793598e-05	4.656545e-06	5.750585e-06	
12.089729	1.340977e-05	4.759030e-05	4.834276e-06	5.697385e-06	
12.090730	1.337112e-05	4.722161e-05	5.019766e-06	5.643187e-06	
12.091731	1.332968e-05	4.683116e-05	5.212803e-06	5.588093e-06	
12.092732	1.328540e-05	4.642018e-05	5.413176e-06	5.532201e-06	
12.093733	1.323823e-05	4.598992e-05	5.620673e-06	5.475614e-06	
12.094734	1.318812e-05	4.554162e-05	5.835083e-06	5.418432e-06	
12.095735	1.313501e-05	4.507653e-05	6.056195e-06	5.360755e-06	
12.096736	1.307886e-05	4.459588e-05	6.283797e-06	5.302685e-06	
12.097737	1.301963e-05	4.410092e-05	6.517678e-06	5.244321e-06	
12.098738	1.295725e-05	4.359290e-05	6.757626e-06	5.185765e-06	
12.099739	1.289167e-05	4.307304e-05	7.003430e-06	5.127117e-06	
12.100739	1.282286e-05	4.254260e-05	7.254879e-06	5.068477e-06	
12.101740	1.275076e-05	4.200282e-05	7.511761e-06	5.009947e-06	
12.102741	1.267532e-05	4.145494e-05	7.773865e-06	4.951627e-06	
12.103742	1.259649e-05	4.090020e-05	8.040979e-06	4.893618e-06	
12.104743	1.251422e-05	4.033985e-05	8.312893e-06	4.836020e-06	
12.105744	1.242846e-05	3.977513e-05	8.589394e-06	4.778934e-06	
12.106745	1.233916e-05	3.920727e-05	8.870271e-06	4.722461e-06	
12.107746	1.224627e-05	3.863753e-05	9.155314e-06	4.666701e-06	
12.108747	1.214974e-05	3.806714e-05	9.444310e-06	4.611755e-06	
12.109748	1.204952e-05	3.749734e-05	9.737047e-06	4.557724e-06	
12.110748	1.194557e-05	3.692939e-05	1.003332e-05	4.504708e-06	
12.111749	1.183783e-05	3.636451e-05	1.033290e-05	4.452808e-06	
12.112750	1.172625e-05	3.580396e-05	1.063560e-05	4.402124e-06	
12.113751	1.161078e-05	3.524898e-05	1.094119e-05	4.352758e-06	
12.114752	1.149137e-05	3.470080e-05	1.124947e-05	4.304810e-06	
12.115753	1.136798e-05	3.416068e-05	1.156022e-05	4.258380e-06	
12.116754	1.124055e-05	3.362985e-05	1.187324e-05	4.213569e-06	
12.117755	1.110904e-05	3.310955e-05	1.218830e-05	4.170479e-06	
12.118756	1.097339e-05	3.260103e-05	1.250520e-05	4.129208e-06	
12.119757	1.083355e-05	3.210553e-05	1.282374e-05	4.089859e-06	
12.120757	1.068948e-05	3.162429e-05	1.314369e-05	4.052532e-06	
12.121758	1.054112e-05	3.115856e-05	1.346484e-05	4.017327e-06	
12.122759	1.038842e-05	3.070957e-05	1.378699e-05	3.984345e-06	
12.123760	1.023134e-05	3.027857e-05	1.410992e-05	3.953687e-06	
12.124761	1.006983e-05	2.986680e-05	1.443342e-05	3.925453e-06	
12.125762	9.903999e-06	2.947491e-05	1.475708e-05	3.899694e-06	
12.126763	9.734293e-06	2.910246e-05	1.508008e-05	3.876364e-06	
12.127764	9.561185e-06	2.874884e-05	1.540157e-05	3.855407e-06	
12.128765	9.385152e-06	2.841349e-05	1.572071e-05	3.836768e-06	
12.129766	9.206667e-06	2.809580e-05	1.603663e-05	3.820389e-06	
12.130766	9.026207e-06	2.779521e-05	1.634850e-05	3.806216e-06	
12.131767	8.844247e-06	2.751112e-05	1.665544e-05	3.794191e-06	
12.132768	8.661262e-06	2.724294e-05	1.695662e-05	3.784259e-06	
12.133769	8.477728e-06	2.699010e-05	1.725118e-05	3.776364e-06	
12.134770	8.294119e-06	2.675201e-05	1.753827e-05	3.770449e-06	
12.135771	8.110912e-06	2.652808e-05	1.781703e-05	3.766459e-06	
12.136772	7.928582e-06	2.631773e-05	1.808661e-05	3.764337e-06	
12.137773	7.747603e-06	2.612038e-05	1.834617e-05	3.764027e-06	
12.138774	7.568452e-06	2.593543e-05	1.859485e-05	3.765474e-06	
12.139775	7.391604e-06	2.576231e-05	1.883179e-05	3.768620e-06	
12.140775	7.217533e-06	2.560043e-05	1.905615e-05	3.773410e-06	
12.141776	7.046716e-06	2.544920e-05	1.926706e-05	3.779788e-06	
12.142777	6.879628e-06	2.530804e-05	1.946369e-05	3.787697e-06	
12.143778	6.716744e-06	2.517636e-05	1.964518e-05	3.797082e-06	
12.144779	6.558539e-06	2.505359e-05	1.981067e-05	3.807886e-06	
12.145780	6.405489e-06	2.493913e-05	1.995931e-05	3.820054e-06	
12.146781	6.258069e-06	2.483239e-05	2.009026e-05	3.833529e-06	
12.147782	6.116755e-06	2.473281e-05	2.020265e-05	3.848255e-06	
12.148783	5.982021e-06	2.463978e-05	2.029564e-05	3.864175e-06	
12.149784	5.854344e-06	2.455272e-05	2.036837e-05	3.881235e-06	
12.150784	5.734199e-06	2.447106e-05	2.042000e-05	3.899378e-06	
12.151785	5.622060e-06	2.439420e-05	2.044966e-05	3.918547e-06	
12.152786	5.518404e-06	2.432156e-05	2.045651e-05	3.938686e-06	
12.153787	5.423705e-06	2.425256e-05	2.043970e-05	3.959740e-06	
12.154788	5.338439e-06	2.418661e-05	2.039837e-05	3.981652e-06	
12.155789	5.263081e-06	2.412312e-05	2.033166e-05	4.004367e-06	
12.156790	5.198108e-06	2.406151e-05	2.023874e-05	4.027827e-06	
12.157791	5.143993e-06	2.400120e-05	2.011874e-05	4.051977e-06	
12.158792	5.101213e-06	2.394160e-05	1.997082e-05	4.076762e-06	
12.159793	5.070242e-06	2.388212e-05	1.979412e-05	4.102124e-06	
12.160794	5.051556e-06	2.382219e-05	1.958778e-05	4.128007e-06	
12.161794	5.045631e-06	2.376121e-05	1.935097e-05	4.154356e-06	
12.162795	5.052942e-06	2.369860e-05	1.908282e-05	4.181115e-06	
12.163796	5.073964e-06	2.363377e-05	1.878247e-05	4.208227e-06	
12.164797	5.109172e-06	2.356615e-05	1.844909e-05	4.235636e-06	
12.165798	5.159043e-06	2.349514e-05	1.808182e-05	4.263286e-06	
12.166799	5.224050e-06	2.342017e-05	1.767981e-05	4.291120e-06	
12.167800	5.304670e-06	2.334064e-05	1.724219e-05	4.319084e-06	
12.168801	5.401378e-06	2.325597e-05	1.676813e-05	4.347121e-06	
12.169802	5.514649e-06	2.316558e-05	1.625676e-05	4.375174e-06	
12.170803	5.644959e-06	2.306888e-05	1.570725e-05	4.403187e-06	
12.171803	5.792783e-06	2.296529e-05	1.511872e-05	4.431105e-06	
12.172804	5.958596e-06	2.285421e-05	1.449034e-05	4.458872e-06	
12.173805	6.142874e-06	2.273508e-05	1.382125e-05	4.486430e-06	
12.174806	6.346086e-06	2.260730e-05	1.311061e-05	4.513725e-06	
12.175807	6.568297e-06	2.247061e-05	1.235939e-05	4.540743e-06	
12.176808	6.808874e-06	2.232529e-05	1.157157e-05	4.567543e-06	
12.177809	7.067116e-06	2.217166e-05	1.075143e-05	4.594190e-06	
12.178810	7.342323e-06	2.201006e-05	9.903271e-06	4.620749e-06	
12.179811	7.633796e-06	2.184081e-05	9.031369e-06	4.647287e-06	
12.180812	7.940835e-06	2.166425e-05	8.140015e-06	4.673868e-06	
12.181812	8.262739e-06	2.148069e-05	7.233495e-06	4.700558e-06	
12.182813	8.598808e-06	2.129048e-05	6.316096e-06	4.727423e-06	
12.183814	8.948341e-06	2.109393e-05	5.392105e-06	4.754528e-06	
12.184815	9.310640e-06	2.089137e-05	4.465810e-06	4.781939e-06	
12.185816	9.685004e-06	2.068315e-05	3.541496e-06	4.809720e-06	
12.186817	1.007073e-05	2.046958e-05	2.623451e-06	4.837939e-06	
12.187818	1.046712e-05	2.025099e-05	1.715962e-06	4.866659e-06	
12.188819	1.087348e-05	2.002771e-05	8.233153e-07	4.895947e-06	
12.189820	1.128910e-05	1.980007e-05	-5.020181e-08	4.925868e-06	
12.190821	1.171329e-05	1.956840e-05	-9.003026e-07	4.956488e-06	
12.191821	1.214534e-05	1.933302e-05	-1.722700e-06	4.987872e-06	
12.192822	1.258455e-05	1.909428e-05	-2.513107e-06	5.020085e-06	
12.193823	1.303023e-05	1.885249e-05	-3.267238e-06	5.053194e-06	
12.194824	1.348167e-05	1.860798e-05	-3.980804e-06	5.087263e-06	
12.195825	1.393818e-05	1.836108e-05	-4.649520e-06	5.122359e-06	
12.196826	1.439905e-05	1.811213e-05	-5.269097e-06	5.158546e-06	
12.197827	1.486358e-05	1.786144e-05	-5.835251e-06	5.195890e-06	
12.198828	1.533108e-05	1.760935e-05	-6.343692e-06	5.234457e-06	
12.199829	1.580084e-05	1.735619e-05	-6.790136e-06	5.274312e-06	
12.200830	1.627216e-05	1.710228e-05	-7.170293e-06	5.315520e-06	
12.201830	1.674434e-05	1.684796e-05	-7.479879e-06	5.358148e-06	
12.202831	1.721669e-05	1.659355e-05	-7.714606e-06	5.402260e-06	
12.203832	1.768850e-05	1.633939e-05	-7.870187e-06	5.447923e-06	
12.204833	1.815908e-05	1.608579e-05	-7.942334e-06	5.495201e-06	
12.205834	1.862771e-05	1.583309e-05	-7.926762e-06	5.544160e-06	
12.206835	1.909371e-05	1.558162e-05	-7.819184e-06	5.594866e-06	
12.207836	1.955637e-05	1.533171e-05	-7.615312e-06	5.647384e-06	
12.208837	2.001500e-05	1.508368e-05	-7.310859e-06	5.701780e-06	
12.209838	2.046888e-05	1.483786e-05	-6.901539e-06	5.758119e-06	
12.210839	2.091733e-05	1.459459e-05	-6.383065e-06	5.816466e-06	
12.211839	2.135964e-05	1.435419e-05	-5.751149e-06	5.876888e-06	
12.212840	2.179511e-05	1.411699e-05	-5.001506e-06	5.939449e-06	
12.213841	2.222304e-05	1.388331e-05	-4.129848e-06	6.004216e-06	
12.214842	2.264274e-05	1.365350e-05	-3.131888e-06	6.071253e-06	
12.215843	2.305349e-05	1.342787e-05	-2.003339e-06	6.140626e-06	
12.216844	2.345461e-05	1.320675e-05	-7.399143e-07	6.212401e-06	
12.217845	2.384539e-05	1.299048e-05	6.626726e-07	6.286643e-06	
12.218846	2.422513e-05	1.277938e-05	2.208709e-06	6.363418e-06	
12.219847	2.459313e-05	1.257378e-05	3.902481e-06	6.442791e-06	
12.220848	2.494869e-05	1.237401e-05	5.748277e-06	6.524827e-06	
12.221849	2.529111e-05	1.218039e-05	7.750383e-06	6.609593e-06	
12.222849	2.561970e-05	1.199327e-05	9.913086e-06	6.697154e-06	
12.223850	2.593374e-05	1.181295e-05	1.224067e-05	6.787574e-06	
12.224851	2.623255e-05	1.163978e-05	1.473735e-05	6.880920e-06	
12.225852	2.651581e-05	1.147392e-05	1.740279e-05	6.977191e-06	
12.226853	2.678378e-05	1.131531e-05	2.022979e-05	7.076295e-06	
12.227854	2.703676e-05	1.116386e-05	2.321060e-05	7.178131e-06	
12.228855	2.727505e-05	1.101948e-05	2.633745e-05	7.282598e-06	
12.229856	2.749896e-05	1.088209e-05	2.960258e-05	7.389594e-06	
12.230857	2.770879e-05	1.075161e-05	3.299822e-05	7.499018e-06	
12.231858	2.790483e-05	1.062795e-05	3.651661e-05	7.610769e-06	
12.232858	2.808740e-05	1.051102e-05	4.014999e-05	7.724746e-06	
12.233859	2.825680e-05	1.040074e-05	4.389058e-05	7.840847e-06	
12.234860	2.841333e-05	1.029702e-05	4.773064e-05	7.958972e-06	
12.235861	2.855729e-05	1.019978e-05	5.166239e-05	8.079019e-06	
12.236862	2.868899e-05	1.010894e-05	5.567808e-05	8.200887e-06	
12.237863	2.880872e-05	1.002440e-05	5.976993e-05	8.324475e-06	
12.238864	2.891680e-05	9.946086e-06	6.393019e-05	8.449682e-06	
12.239865	2.901352e-05	9.873910e-06	6.815108e-05	8.576406e-06	
12.240866	2.909919e-05	9.807786e-06	7.242486e-05	8.704546e-06	
12.241867	2.917411e-05	9.747629e-06	7.674374e-05	8.834002e-06	
12.242867	2.923859e-05	9.693354e-06	8.109998e-05	8.964672e-06	
12.243868	2.929292e-05	9.644875e-06	8.548580e-05	9.096454e-06	
12.244869	2.933741e-05	9.602108e-06	8.989345e-05	9.229247e-06	
12.245870	2.937236e-05	9.564967e-06	9.431515e-05	9.362952e-06	
12.246871	2.939807e-05	9.533367e-06	9.874315e-05	9.497465e-06	
12.247872	2.941486e-05	9.507222e-06	1.031697e-04	9.632686e-06	
12.248873	2.942302e-05	9.486448e-06	1.075870e-04	9.768514e-06	
12.249874	2.942285e-05	9.470959e-06	1.119873e-04	9.904848e-06	
12.250875	2.941465e-05	9.460670e-06	1.163628e-04	1.004159e-05	
12.251876	2.939874e-05	9.455496e-06	1.207058e-04	1.017863e-05	
12.252876	2.937541e-05	9.455351e-06	1.250086e-04	1.031587e-05	
12.253877	2.934496e-05	9.460150e-06	1.292632e-04	1.045321e-05	
12.254878	2.930771e-05	9.469808e-06	1.334621e-04	1.059056e-05	
12.255879	2.926394e-05	9.484240e-06	1.375974e-04	1.072780e-05	
12.256880	2.921397e-05	9.503361e-06	1.416613e-04	1.086484e-05	
12.257881	2.915810e-05	9.527085e-06	1.456462e-04	1.100158e-05	
12.258882	2.909662e-05	9.555326e-06	1.495442e-04	1.113791e-05	
12.259883	2.902985e-05	9.588001e-06	1.533475e-04	1.127373e-05	
12.260884	2.895809e-05	9.625023e-06	1.570484e-04	1.140895e-05	
12.261885	2.888163e-05	9.666307e-06	1.606392e-04	1.154346e-05	
12.262885	2.880079e-05	9.711769e-06	1.641121e-04	1.167716e-05	
12.263886	2.871586e-05	9.761322e-06	1.674593e-04	1.180994e-05	
12.264887	2.862715e-05	9.814881e-06	1.706730e-04	1.194172e-05	
12.265888	2.853496e-05	9.872363e-06	1.737455e-04	1.207238e-05	
12.266889	2.843960e-05	9.933680e-06	1.766690e-04	1.220183e-05	
12.267890	2.834136e-05	9.998748e-06	1.794358e-04	1.232996e-05	
12.268891	2.824054e-05	1.006748e-05	1.820381e-04	1.245667e-05	
12.269892	2.813747e-05	1.013980e-05	1.844681e-04	1.258187e-05	
12.270893	2.803242e-05	1.021560e-05	1.867181e-04	1.270545e-05	
12.271894	2.792572e-05	1.029482e-05	1.887803e-04	1.282731e-05	
12.272894	2.781766e-05	1.037737e-05	1.906469e-04	1.294734e-05	
12.273895	2.770854e-05	1.046315e-05	1.923102e-04	1.306545e-05	
12.274896	2.759866e-05	1.055209e-05	1.937625e-04	1.318154e-05	
12.275897	2.748818e-05	1.064413e-05	1.950015e-04	1.329557e-05	
12.276898	2.737703e-05	1.073927e-05	1.960318e-04	1.340759e-05	
12.277899	2.726515e-05	1.083750e-05	1.968586e-04	1.351765e-05	
12.278900	2.715248e-05	1.093882e-05	1.974870e-04	1.362581e-05	
12.279901	2.703894e-05	1.104322e-05	1.979222e-04	1.373211e-05	
12.280902	2.692447e-05	1.115070e-05	1.981694e-04	1.383662e-05	
12.281903	2.680899e-05	1.126126e-05	1.982337e-04	1.393938e-05	
12.282904	2.669245e-05	1.137489e-05	1.981202e-04	1.404045e-05	
12.283904	2.657477e-05	1.149159e-05	1.978342e-04	1.413988e-05	
12.284905	2.645588e-05	1.161135e-05	1.973807e-04	1.423773e-05	
12.285906	2.633572e-05	1.173417e-05	1.967650e-04	1.433405e-05	
12.286907	2.621422e-05	1.186005e-05	1.959922e-04	1.442889e-05	
12.287908	2.609131e-05	1.198898e-05	1.950675e-04	1.452231e-05	
12.288909	2.596692e-05	1.212095e-05	1.939960e-04	1.461435e-05	
12.289910	2.584099e-05	1.225597e-05	1.927829e-04	1.470509e-05	
12.290911	2.571344e-05	1.239403e-05	1.914333e-04	1.479455e-05	
12.291912	2.558421e-05	1.253513e-05	1.899524e-04	1.488281e-05	
12.292913	2.545323e-05	1.267925e-05	1.883454e-04	1.496992e-05	
12.293913	2.532044e-05	1.282640e-05	1.866174e-04	1.505591e-05	
12.294914	2.518576e-05	1.297658e-05	1.847736e-04	1.514087e-05	
12.295915	2.504913e-05	1.312978e-05	1.828191e-04	1.522482e-05	
12.296916	2.491047e-05	1.328599e-05	1.807591e-04	1.530783e-05	
12.297917	2.476973e-05	1.344521e-05	1.785988e-04	1.538996e-05	
12.298918	2.462683e-05	1.360743e-05	1.763433e-04	1.547125e-05	
12.299919	2.448170e-05	1.377266e-05	1.739977e-04	1.555175e-05	
12.300920	2.433429e-05	1.394089e-05	1.715673e-04	1.563153e-05	
12.301921	2.418451e-05	1.411212e-05	1.690572e-04	1.571064e-05	
12.302922	2.403230e-05	1.428633e-05	1.664725e-04	1.578912e-05	
12.303922	2.387760e-05	1.446353e-05	1.638185e-04	1.586703e-05	
12.304923	2.372033e-05	1.464371e-05	1.611002e-04	1.594443e-05	
12.305924	2.356042e-05	1.482688e-05	1.583228e-04	1.602137e-05	
12.306925	2.339782e-05	1.501301e-05	1.554916e-04	1.609791e-05	
12.307926	2.323245e-05	1.520212e-05	1.526116e-04	1.617408e-05	
12.308927	2.306424e-05	1.539419e-05	1.496879e-04	1.624996e-05	
12.309928	2.289313e-05	1.558922e-05	1.467259e-04	1.632559e-05	
12.310929	2.271905e-05	1.578722e-05	1.437306e-04	1.640103e-05	
12.311930	2.254192e-05	1.598816e-05	1.407071e-04	1.647633e-05	
12.312931	2.236169e-05	1.619206e-05	1.376607e-04	1.655154e-05	
12.313931	2.217828e-05	1.639890e-05	1.345965e-04	1.662672e-05	
12.314932	2.199162e-05	1.660868e-05	1.315197e-04	1.670192e-05	
12.315933	2.180166e-05	1.682140e-05	1.284353e-04	1.677719e-05	
12.316934	2.160831e-05	1.703706e-05	1.253487e-04	1.685259e-05	
12.317935	2.141151e-05	1.725564e-05	1.222649e-04	1.692817e-05	
12.318936	2.121120e-05	1.747715e-05	1.191891e-04	1.700399e-05	
12.319937	2.100730e-05	1.770158e-05	1.161264e-04	1.708009e-05	
12.320938	2.079976e-05	1.792893e-05	1.130821e-04	1.715653e-05	
12.321939	2.058849e-05	1.815919e-05	1.100612e-04	1.723337e-05	
12.322940	2.037343e-05	1.839236e-05	1.070689e-04	1.731066e-05	
12.323940	2.015452e-05	1.862844e-05	1.041105e-04	1.738845e-05	
12.324941	1.993169e-05	1.886742e-05	1.011909e-04	1.746679e-05	
12.325942	1.970502e-05	1.910928e-05	9.831316e-05	1.754565e-05	
12.326943	1.947478e-05	1.935400e-05	9.547749e-05	1.762486e-05	
12.327944	1.924124e-05	1.960156e-05	9.268407e-05	1.770429e-05	
12.328945	1.900466e-05	1.985192e-05	8.993305e-05	1.778377e-05	
12.329946	1.876532e-05	2.010505e-05	8.722460e-05	1.786314e-05	
12.330947	1.852349e-05	2.036094e-05	8.455886e-05	1.794225e-05	
12.331948	1.827945e-05	2.061955e-05	8.193598e-05	1.802095e-05	
12.332949	1.803345e-05	2.088086e-05	7.935613e-05	1.809908e-05	
12.333950	1.778578e-05	2.114483e-05	7.681945e-05	1.817648e-05	
12.334950	1.753671e-05	2.141145e-05	7.432610e-05	1.825300e-05	
12.335951	1.728650e-05	2.168068e-05	7.187623e-05	1.832848e-05	
12.336952	1.703542e-05	2.195250e-05	6.947000e-05	1.840277e-05	
12.337953	1.678376e-05	2.222688e-05	6.710756e-05	1.847571e-05	
12.338954	1.653177e-05	2.250379e-05	6.478906e-05	1.854715e-05	
12.339955	1.627973e-05	2.278320e-05	6.251466e-05	1.861692e-05	
12.340956	1.602792e-05	2.306509e-05	6.028452e-05	1.868489e-05	
12.341957	1.577659e-05	2.334943e-05	5.809878e-05	1.875088e-05	
12.342958	1.552603e-05	2.363620e-05	5.595759e-05	1.881475e-05	
12.343959	1.527650e-05	2.392536e-05	5.386112e-05	1.887633e-05	
12.344959	1.502828e-05	2.421688e-05	5.180952e-05	1.893548e-05	
12.345960	1.478163e-05	2.451075e-05	4.980294e-05	1.899203e-05	
12.346961	1.453683e-05	2.480694e-05	4.784153e-05	1.904584e-05	
12.347962	1.429415e-05	2.510541e-05	4.592545e-05	1.909674e-05	
12.348963	1.405386e-05	2.540613e-05	4.405485e-05	1.914459e-05	
12.349964	1.381623e-05	2.570909e-05	4.222988e-05	1.918921e-05	
12.350965	1.358154e-05	2.601426e-05	4.045071e-05	1.923047e-05	
12.351966	1.335004e-05	2.632160e-05	3.871748e-05	1.926820e-05	
12.352967	1.312202e-05	2.663109e-05	3.703035e-05	1.930225e-05	
12.353968	1.289774e-05	2.694271e-05	3.538946e-05	1.933247e-05	
12.354968	1.267748e-05	2.725642e-05	3.379499e-05	1.935869e-05	
12.355969	1.246151e-05	2.757219e-05	3.224707e-05	1.938076e-05	
12.356970	1.225010e-05	2.789001e-05	3.074586e-05	1.939853e-05	
12.357971	1.204351e-05	2.820984e-05	2.929152e-05	1.941184e-05	
12.358972	1.184203e-05	2.853166e-05	2.788420e-05	1.942053e-05	
12.359973	1.164591e-05	2.885544e-05	2.652405e-05	1.942445e-05	
12.360974	1.145544e-05	2.918115e-05	2.521123e-05	1.942345e-05	
12.361975	1.127089e-05	2.950876e-05	2.394589e-05	1.941736e-05	
12.362976	1.109251e-05	2.983825e-05	2.272819e-05	1.940604e-05	
12.363977	1.092060e-05	3.016959e-05	2.155827e-05	1.938933e-05	
12.364977	1.075541e-05	3.050275e-05	2.043630e-05	1.936707e-05	
12.365978	1.059722e-05	3.083770e-05	1.936242e-05	1.933910e-05	
12.366979	1.044630e-05	3.117443e-05	1.833680e-05	1.930527e-05	
12.367980	1.030291e-05	3.151289e-05	1.735958e-05	1.926543e-05	
12.368981	1.016734e-05	3.185307e-05	1.643091e-05	1.921942e-05	
12.369982	1.003985e-05	3.219493e-05	1.555096e-05	1.916708e-05	
12.370983	9.920720e-06	3.253846e-05	1.471987e-05	1.910826e-05	
12.371984	9.810209e-06	3.288361e-05	1.393780e-05	1.904281e-05	
12.372985	9.708595e-06	3.323037e-05	1.320491e-05	1.897056e-05	
12.373986	9.616146e-06	3.357870e-05	1.252134e-05	1.889136e-05	
12.374986	9.533127e-06	3.392858e-05	1.188723e-05	1.880507e-05	
12.375987	9.459564e-06	3.427971e-05	1.130215e-05	1.871177e-05	
12.376988	9.395237e-06	3.463157e-05	1.076506e-05	1.861183e-05	
12.377989	9.339913e-06	3.498362e-05	1.027492e-05	1.850559e-05	
12.378990	9.293360e-06	3.533529e-05	9.830656e-06	1.839342e-05	
12.379991	9.255345e-06	3.568606e-05	9.431218e-06	1.827567e-05	
12.380992	9.225637e-06	3.603536e-05	9.075548e-06	1.815272e-05	
12.381993	9.204002e-06	3.638266e-05	8.762586e-06	1.802491e-05	
12.382994	9.190208e-06	3.672740e-05	8.491276e-06	1.789261e-05	
12.383995	9.184022e-06	3.706904e-05	8.260560e-06	1.775618e-05	
12.384995	9.185213e-06	3.740704e-05	8.069379e-06	1.761598e-05	
12.385996	9.193547e-06	3.774084e-05	7.916677e-06	1.747237e-05	
12.386997	9.208792e-06	3.806990e-05	7.801396e-06	1.732571e-05	
12.387998	9.230715e-06	3.839368e-05	7.722477e-06	1.717636e-05	
12.388999	9.259085e-06	3.871162e-05	7.678863e-06	1.702468e-05	
12.390000	9.293669e-06	3.902317e-05	7.669497e-06	1.687102e-05	
