NO_OF_FRAMES	136
NO_OF_CAMERAS	14
NO_OF_MARKERS	19
FREQUENCY	100
NO_OF_ANALOG	0
ANALOG_FREQUENCY	0
DESCRIPTION	--
TIME_STAMP	2020-10-29, 15:06:34	9942.28641147
DATA_INCLUDED	3D
MARKER_NAMES	1 - Head	2 - L_Shoulder	3 - L_Elbow	4 - L_Wrist	5 - R_Shoulder	6 - R_Elbow	7 - R_Wrist	8 - L_Hip	9 - L_Knee	10 - L_Ankle	11 - L_Heel	12 - L_Meta_V	13 - L_Toe_II	14 - R_Hip	15 - R_Knee	16 - R_Ankle	17 - R_Heel	18 - R_Meta_V	19 - R_Toe_II
Frame	Time	1 - Head X	1 - Head Y	1 - Head Z	2 - L_Shoulder X	2 - L_Shoulder Y	2 - L_Shoulder Z	3 - L_Elbow X	3 - L_Elbow Y	3 - L_Elbow Z	4 - L_Wrist X	4 - L_Wrist Y	4 - L_Wrist Z	5 - R_Shoulder X	5 - R_Shoulder Y	5 - R_Shoulder Z	6 - R_Elbow X	6 - R_Elbow Y	6 - R_Elbow Z	7 - R_Wrist X	7 - R_Wrist Y	7 - R_Wrist Z	8 - L_Hip X	8 - L_Hip Y	8 - L_Hip Z	9 - L_Knee X	9 - L_Knee Y	9 - L_Knee Z	10 - L_Ankle X	10 - L_Ankle Y	10 - L_Ankle Z	11 - L_Heel X	11 - L_Heel Y	11 - L_Heel Z	12 - L_Meta_V X	12 - L_Meta_V Y	12 - L_Meta_V Z	13 - L_Toe_II X	13 - L_Toe_II Y	13 - L_Toe_II Z	14 - R_Hip X	14 - R_Hip Y	14 - R_Hip Z	15 - R_Knee X	15 - R_Knee Y	15 - R_Knee Z	16 - R_Ankle X	16 - R_Ankle Y	16 - R_Ankle Z	17 - R_Heel X	17 - R_Heel Y	17 - R_Heel Z	18 - R_Meta_V X	18 - R_Meta_V Y	18 - R_Meta_V Z	19 - R_Toe_II X	19 - R_Toe_II Y	19 - R_Toe_II Z	
837	8.36000	281.911	237.416	1666.632	202.925	397.884	1381.800	207.913	469.105	1082.651	266.318	477.028	852.586	174.423	86.738	1363.138	164.541	36.770	1052.224	230.170	-24.499	842.334	244.546	403.098	831.547	209.803	387.795	449.485	181.707	360.423	66.029	133.513	330.204	25.650	299.571	380.398	27.290	366.913	337.597	25.090	238.231	53.029	833.903	207.594	67.906	458.782	173.900	115.627	72.477	122.724	159.500	26.966	279.668	80.143	25.094	349.964	117.108	27.556
838	8.37000	281.765	237.003	1666.695	203.362	397.767	1381.871	208.228	469.132	1082.760	266.130	477.012	852.577	174.543	86.612	1363.051	164.658	37.757	1051.660	229.681	-23.945	842.266	244.667	403.286	831.525	209.628	387.792	449.288	181.933	360.451	65.869	133.519	330.162	25.558	299.473	380.758	27.724	366.917	337.544	25.187	238.136	53.362	833.823	207.189	68.208	458.583	173.792	115.913	72.635	122.819	159.595	26.986	279.586	80.098	25.407	350.063	117.108	27.701
839	8.38000	281.776	236.786	1666.620	203.749	397.761	1381.951	208.810	469.197	1082.799	266.004	476.867	852.590	174.654	86.556	1363.010	163.868	37.620	1051.705	229.275	-23.339	841.938	244.848	403.548	831.324	209.131	388.027	449.148	181.820	360.437	65.762	133.608	330.124	25.528	298.840	380.426	27.769	366.943	337.585	25.033	238.153	53.689	833.808	206.874	68.401	458.556	174.655	116.229	72.324	122.772	159.736	27.101	279.769	80.467	25.634	350.069	117.175	27.561
840	8.39000	282.065	236.467	1666.717	204.200	397.790	1381.959	209.078	469.493	1083.087	265.917	476.967	852.587	174.930	86.476	1362.928	163.317	37.988	1051.585	228.299	-22.805	841.985	244.996	403.759	831.244	208.602	388.414	449.093	181.656	360.459	65.681	133.540	330.078	25.635	299.563	380.491	27.093	366.882	337.670	25.149	238.391	54.110	833.676	206.140	68.747	458.320	173.709	116.307	73.017	122.903	159.861	27.089	279.612	80.713	26.001	350.081	117.171	27.532
841	8.40000	281.775	235.922	1666.733	204.513	397.815	1381.973	209.741	469.634	1082.898	265.877	477.133	852.583	175.042	86.420	1362.813	163.164	38.448	1051.511	227.323	-22.153	841.898	245.133	404.080	831.301	207.710	389.245	449.027	181.181	360.558	65.462	133.337	330.057	25.619	299.467	380.592	27.337	366.852	337.629	25.102	238.538	54.391	833.632	205.471	68.947	458.294	173.376	116.508	73.188	122.854	160.015	27.141	279.802	80.928	26.120	350.160	117.276	27.440
842	8.41000	281.984	236.023	1666.641	204.830	397.867	1381.951	209.996	469.804	1083.115	265.845	477.429	852.579	175.266	86.448	1362.731	162.438	38.156	1051.457	227.136	-21.143	841.003	245.417	404.443	831.106	207.137	389.627	448.878	181.583	360.656	65.738	133.419	330.215	25.559	299.522	380.729	26.988	366.754	337.727	25.165	238.925	54.683	833.552	204.667	68.940	458.214	173.757	116.720	73.004	122.965	160.168	27.127	279.966	81.118	26.556	350.195	117.217	27.528
843	8.42000	281.939	235.870	1666.693	205.081	397.948	1381.930	210.402	470.093	1083.095	265.739	477.635	852.570	175.419	86.413	1362.540	162.376	38.754	1051.392	225.957	-20.754	840.865	245.502	404.640	830.991	206.418	390.316	448.843	180.789	360.635	65.614	133.385	330.247	25.507	299.502	380.879	26.947	366.777	337.719	25.039	239.250	54.999	833.410	204.017	69.068	458.421	173.652	116.987	73.052	123.007	160.261	27.042	279.873	81.302	26.624	350.169	117.300	27.525
844	8.43000	281.621	235.222	1666.527	205.332	398.046	1381.887	210.823	470.444	1083.028	266.035	477.956	852.430	175.640	86.512	1362.316	162.185	39.163	1051.176	225.050	-20.018	839.839	245.623	404.991	830.894	205.599	390.913	448.913	181.321	360.834	65.631	133.412	330.266	25.465	299.386	381.025	27.147	366.759	337.742	25.115	239.887	55.485	833.283	202.993	69.083	458.385	173.206	116.919	73.236	123.001	160.318	27.157	279.712	81.258	26.857	350.150	117.338	27.475
845	8.44000	281.333	234.348	1666.000	205.469	398.075	1381.843	211.233	470.722	1083.031	266.058	478.274	852.459	175.758	86.553	1362.098	161.751	39.226	1050.822	224.364	-19.492	839.399	245.752	405.377	830.841	204.969	391.535	448.608	180.315	360.905	65.532	133.315	330.330	25.362	299.329	380.889	26.697	366.783	337.938	24.925	240.310	55.744	833.277	201.793	69.022	458.345	173.545	117.051	72.964	123.018	160.405	27.028	280.045	81.417	26.566	350.170	117.283	27.523
846	8.45000	281.125	233.965	1665.755	205.466	398.194	1381.798	211.643	471.090	1082.976	266.394	478.573	852.348	175.744	86.613	1361.799	161.304	39.582	1050.289	223.959	-18.950	838.828	245.884	405.794	830.726	204.002	392.450	448.558	180.294	361.054	65.664	133.299	330.345	25.309	299.327	381.242	26.917	366.660	337.924	24.978	240.914	56.233	833.282	200.213	68.712	458.741	173.649	117.138	72.883	123.028	160.418	27.145	279.790	81.515	26.806	350.034	117.304	27.433
847	8.46000	281.939	234.064	1665.391	205.371	398.303	1381.708	211.925	471.539	1083.081	266.687	478.920	852.236	175.795	86.646	1361.557	160.956	39.737	1050.426	223.587	-18.190	838.112	245.971	406.083	830.557	203.504	392.912	448.397	180.478	360.818	65.559	133.165	330.401	25.387	299.249	381.320	26.754	366.626	337.845	25.287	241.641	56.678	833.195	199.561	68.433	458.930	172.722	117.027	73.227	123.049	160.440	27.024	279.781	81.411	26.678	350.128	117.250	27.494
848	8.47000	281.771	233.409	1665.309	205.085	398.311	1381.572	212.125	471.907	1083.201	267.154	479.237	852.175	175.911	86.729	1361.219	161.188	40.341	1049.755	222.986	-17.628	837.607	245.899	406.501	830.590	202.812	393.469	448.566	180.164	360.917	65.439	133.101	330.374	25.377	299.196	381.184	26.587	366.629	337.925	25.176	242.100	57.044	833.169	198.278	68.069	459.166	173.742	117.154	72.713	123.008	160.436	27.080	279.927	81.205	26.747	350.111	117.221	27.463
849	8.48000	282.383	233.486	1664.622	204.772	398.360	1381.477	212.406	472.128	1083.010	267.398	479.858	852.264	175.800	86.688	1360.822	160.296	40.129	1049.705	222.677	-17.130	837.077	245.926	406.884	830.352	202.766	393.908	448.462	180.398	360.929	65.551	133.105	330.347	25.266	299.270	381.283	26.681	366.665	337.971	24.980	242.699	57.615	833.206	197.007	67.744	459.554	173.907	117.421	72.514	123.020	160.430	27.084	279.775	81.402	26.551	350.026	117.195	27.437
850	8.49000	282.525	233.233	1664.408	204.385	398.436	1381.427	212.481	472.410	1082.989	267.684	480.353	852.310	175.825	86.737	1360.414	160.342	40.293	1049.280	221.750	-16.761	836.580	245.975	407.443	830.457	202.430	394.198	448.424	180.113	361.117	65.568	133.179	330.467	25.223	299.221	381.374	26.505	366.500	338.050	25.135	243.283	58.149	833.144	196.165	67.676	459.809	172.820	117.196	72.915	122.918	160.387	27.054	280.019	81.258	26.439	350.072	117.195	27.382
851	8.50000	282.982	233.267	1664.258	203.715	398.470	1381.278	212.355	472.763	1083.167	268.117	480.811	852.301	175.862	86.567	1360.079	160.595	40.878	1048.023	221.058	-16.231	836.125	245.932	407.931	830.364	202.439	394.761	448.603	180.502	361.114	65.156	133.131	330.511	25.232	299.246	381.493	26.553	366.555	337.999	25.030	243.740	58.587	833.109	194.812	67.601	459.771	173.465	117.320	72.487	122.944	160.363	26.964	279.635	81.243	26.577	349.952	117.146	27.452
852	8.51000	283.457	233.119	1663.754	203.087	398.504	1381.231	212.504	472.789	1082.878	268.658	481.368	852.421	175.866	86.627	1359.665	160.787	41.002	1047.510	220.679	-15.837	835.540	245.945	408.309	830.355	202.408	395.147	448.652	180.389	361.060	65.102	133.019	330.444	25.264	299.331	381.582	26.810	366.513	338.010	25.174	243.785	59.183	833.152	194.154	67.669	459.831	173.612	117.396	72.136	122.837	160.309	26.954	279.587	81.121	26.650	349.952	117.072	27.411
853	8.52000	283.932	232.987	1663.414	202.408	398.630	1381.036	212.198	473.134	1082.789	269.141	481.799	852.561	176.107	86.635	1359.321	160.726	41.326	1047.070	219.852	-15.456	835.006	245.803	408.793	830.419	202.479	395.547	448.682	180.490	361.084	65.107	133.038	330.483	25.375	299.130	381.471	26.570	366.525	337.992	24.963	244.221	59.777	833.093	193.706	67.674	459.992	173.262	117.471	72.412	122.784	160.314	27.014	279.712	81.088	26.429	349.865	117.038	27.482
854	8.53000	284.394	232.759	1663.040	201.654	398.588	1380.909	211.816	473.469	1082.816	269.765	482.165	852.766	176.137	86.589	1359.059	160.629	41.307	1046.676	219.274	-15.011	834.626	245.933	409.229	830.393	202.511	395.904	448.617	180.495	361.228	65.232	132.825	330.439	25.492	299.218	381.540	26.349	366.611	338.084	25.007	244.344	60.230	833.124	193.505	67.930	459.988	172.419	117.400	72.744	122.779	160.331	26.937	279.514	81.173	26.418	349.844	117.053	27.496
855	8.54000	284.785	232.784	1662.976	201.131	398.649	1380.842	211.439	473.627	1082.744	270.385	482.719	852.773	176.242	86.552	1358.832	160.630	41.376	1046.399	218.878	-14.745	834.238	246.096	409.677	830.488	202.610	396.254	448.636	180.560	361.239	65.218	133.137	330.551	25.258	299.088	381.687	26.367	366.708	338.134	24.904	244.410	60.755	833.146	193.730	68.213	460.001	173.040	117.356	72.623	122.820	160.381	26.955	279.522	81.064	26.565	349.904	117.041	27.479
856	8.55000	285.481	232.584	1662.620	200.356	398.605	1380.741	211.100	473.760	1082.791	271.130	483.294	853.059	176.576	86.563	1358.640	160.904	41.385	1046.245	218.603	-14.225	833.802	246.210	410.005	830.544	202.803	396.572	448.443	180.626	361.367	65.046	133.198	330.643	25.338	299.127	381.533	26.500	366.826	337.993	25.008	244.592	61.236	833.122	193.961	68.580	459.963	173.322	117.621	72.413	122.939	160.469	26.907	279.524	81.220	26.643	349.879	116.998	27.430
857	8.56000	285.911	232.493	1662.691	199.842	398.654	1380.769	210.542	474.013	1082.805	271.635	483.806	853.374	176.689	86.435	1358.485	161.268	41.489	1046.224	218.195	-13.960	833.695	246.372	410.433	830.528	202.904	396.798	448.487	180.353	361.304	65.567	133.121	330.670	25.364	299.315	381.714	26.336	366.616	338.070	24.988	244.942	61.769	833.126	194.359	68.893	459.925	173.315	117.731	72.628	122.941	160.554	26.985	279.769	81.190	26.549	349.888	117.037	27.484
858	8.57000	286.271	232.513	1662.659	199.398	398.628	1380.817	210.421	474.071	1082.826	271.968	484.628	853.794	177.035	86.451	1358.424	161.222	41.501	1046.404	218.255	-13.167	833.260	246.539	410.786	830.406	202.934	397.100	448.485	180.359	361.394	65.304	133.012	330.512	25.547	299.330	381.703	26.372	366.631	338.084	25.012	245.212	62.122	833.022	194.999	69.596	460.203	173.591	117.839	72.405	122.971	160.603	26.948	279.704	81.342	26.541	349.973	116.951	27.558
859	8.58000	286.732	232.275	1662.461	199.003	398.702	1380.894	210.087	474.226	1082.982	272.437	485.257	854.047	177.219	86.428	1358.402	161.755	41.647	1046.389	217.978	-12.891	833.388	246.685	411.200	830.481	203.162	397.332	448.391	180.502	361.445	65.158	133.093	330.551	25.449	299.410	381.650	26.198	366.652	338.041	24.950	245.440	62.554	833.003	195.574	69.956	460.028	173.243	117.790	72.636	122.948	160.643	27.062	279.810	81.321	26.607	350.005	116.955	27.390
860	8.59000	287.390	232.248	1662.401	198.721	398.704	1380.970	209.587	474.669	1083.187	273.102	486.059	854.465	177.731	86.503	1358.328	161.877	41.784	1046.283	217.499	-12.676	833.367	246.903	411.578	830.409	203.346	397.395	448.317	180.741	361.535	65.074	133.072	330.651	25.475	299.121	381.799	26.219	366.843	338.095	24.868	245.737	62.955	833.132	195.954	70.283	460.040	172.952	117.569	73.242	123.054	160.706	26.994	279.732	81.400	26.811	350.094	116.946	27.547
861	8.60000	288.047	232.178	1662.218	198.482	398.676	1381.107	209.178	474.917	1083.384	273.376	486.727	854.887	178.043	86.439	1358.440	162.026	41.766	1046.391	217.468	-12.182	833.292	247.041	411.886	830.216	203.166	397.491	448.414	180.654	361.459	65.069	133.233	330.626	25.373	299.205	381.698	26.396	366.817	338.063	25.176	245.816	63.445	833.209	196.375	70.648	459.981	173.073	117.630	73.265	123.043	160.732	27.079	279.609	81.495	26.983	350.076	117.030	27.413
862	8.61000	288.463	232.172	1662.139	198.325	398.731	1381.243	208.871	475.177	1083.698	273.643	487.295	855.182	178.380	86.419	1358.503	162.283	42.243	1046.504	217.542	-11.823	833.214	247.220	412.284	830.276	203.236	397.672	448.424	180.598	361.431	65.093	133.009	330.553	25.455	299.450	381.936	26.356	366.725	338.077	24.968	246.222	63.798	833.154	196.837	70.969	459.870	173.808	117.965	73.103	123.142	160.836	27.071	279.943	81.372	26.882	350.040	117.076	27.432
863	8.62000	288.471	231.870	1661.801	198.173	398.786	1381.325	208.391	475.577	1083.916	274.034	487.927	855.516	178.531	86.454	1358.488	162.926	42.739	1046.498	217.391	-11.552	833.194	247.280	412.528	830.070	203.423	397.788	448.344	180.547	361.509	65.115	133.159	330.557	25.396	299.261	381.734	26.229	366.627	338.181	25.105	246.675	64.108	833.165	197.491	71.337	459.638	172.999	117.851	73.440	123.236	160.836	26.983	279.745	81.710	26.959	350.056	117.069	27.354
864	8.63000	288.563	231.659	1661.795	198.204	398.861	1381.464	208.027	475.810	1083.941	274.287	488.583	855.818	178.798	86.504	1358.543	162.545	42.595	1046.752	217.668	-11.176	833.257	247.203	412.809	830.160	203.520	398.065	448.375	180.403	361.394	65.395	133.122	330.561	25.514	299.391	382.052	26.367	366.808	338.158	25.050	246.991	64.497	833.061	197.893	71.755	459.634	173.845	118.174	73.154	123.280	160.897	27.022	279.854	81.792	26.913	350.091	117.072	27.349
865	8.64000	288.844	231.675	1661.797	198.091	398.884	1381.513	207.847	476.223	1084.167	274.527	489.511	856.225	179.132	86.494	1358.594	163.068	42.839	1046.373	217.781	-11.098	833.493	247.152	413.120	830.158	203.644	398.115	448.192	180.785	361.598	65.037	133.134	330.587	25.461	299.070	381.840	26.377	366.619	338.127	24.972	247.385	64.645	833.038	198.355	72.067	459.702	174.035	118.276	73.225	123.358	160.886	27.126	280.021	81.749	27.046	350.183	117.155	27.356
866	8.65000	288.987	231.834	1661.988	198.085	398.973	1381.575	207.597	476.610	1084.328	274.714	490.153	856.506	179.620	86.714	1358.429	163.325	43.084	1046.559	218.183	-10.777	833.330	246.993	413.412	830.151	203.676	398.353	448.126	180.558	361.506	65.165	133.043	330.485	25.523	299.315	382.034	26.203	366.659	338.299	24.935	247.834	64.849	832.984	198.871	72.472	459.726	173.773	118.254	73.368	123.440	160.869	27.089	279.843	81.788	27.230	350.175	117.168	27.395
867	8.66000	289.118	231.679	1661.876	198.069	399.060	1381.592	207.460	476.967	1084.382	274.868	490.770	856.510	179.712	86.804	1358.417	163.494	43.161	1046.459	218.140	-10.649	833.334	246.845	413.683	830.101	203.592	398.492	448.285	180.572	361.563	65.157	133.053	330.533	25.503	299.273	382.028	26.183	366.799	338.265	24.984	248.356	65.082	832.860	199.703	72.941	459.623	173.838	118.334	73.526	123.430	160.856	27.127	279.983	81.860	27.255	350.252	117.171	27.304
868	8.67000	289.186	231.797	1661.871	197.794	399.161	1381.683	207.149	477.426	1084.579	275.005	491.508	856.717	179.942	86.844	1358.412	163.630	43.271	1046.499	218.444	-10.509	833.376	246.621	413.839	830.157	203.542	398.701	448.171	180.200	361.470	65.170	132.922	330.510	25.524	299.288	382.204	26.284	366.721	338.175	25.009	248.875	65.286	832.866	200.534	73.347	459.793	173.735	118.300	73.784	123.483	160.938	27.186	279.931	81.827	27.314	350.242	117.149	27.438
869	8.68000	289.581	232.008	1662.059	197.647	399.297	1381.641	207.077	477.836	1084.508	275.028	492.019	856.730	180.031	86.940	1358.360	163.780	43.461	1046.352	219.372	-10.423	833.196	246.425	414.107	830.128	203.499	398.975	448.159	180.326	361.546	65.168	133.027	330.550	25.379	299.126	382.279	26.118	366.631	338.348	24.828	249.210	65.377	832.858	200.961	73.640	459.878	173.893	118.437	73.639	123.522	160.913	27.295	279.841	81.990	27.352	350.191	117.221	27.383
870	8.69000	289.833	231.956	1661.883	197.471	399.426	1381.663	207.073	478.096	1084.608	274.901	492.526	856.923	180.214	87.045	1358.222	164.524	43.900	1046.181	219.823	-10.396	833.118	246.160	414.262	830.271	203.308	399.029	448.107	180.299	361.599	65.250	132.986	330.536	25.478	299.172	382.208	25.950	366.621	338.315	24.910	249.665	65.640	832.803	201.514	73.970	459.661	174.055	118.516	73.640	123.398	160.955	27.344	279.912	82.042	27.381	350.262	117.258	27.424
871	8.70000	289.857	232.108	1661.597	197.325	399.547	1381.630	206.933	478.414	1084.625	274.744	493.148	857.104	180.286	87.122	1358.148	164.353	43.840	1046.073	220.969	-10.050	832.741	246.044	414.538	830.203	203.074	399.103	448.233	180.227	361.409	65.324	132.870	330.464	25.496	299.123	382.237	26.076	366.564	338.418	24.989	250.147	65.774	832.770	201.780	74.131	459.705	173.587	118.456	73.936	123.413	161.005	27.401	280.031	82.190	27.324	350.380	117.283	27.458
872	8.71000	290.057	232.201	1661.785	197.224	399.585	1381.563	206.926	478.745	1084.574	274.731	493.543	857.029	180.553	87.141	1357.986	165.196	44.411	1045.779	221.473	-10.137	832.768	245.711	414.788	830.188	202.950	399.237	448.225	180.454	361.604	64.855	132.868	330.436	25.476	299.193	382.371	25.982	366.467	338.385	25.122	250.954	66.089	832.521	202.367	74.329	459.647	174.289	118.885	73.615	123.561	160.974	27.339	280.094	82.265	27.287	350.290	117.274	27.380
873	8.72000	290.040	232.073	1661.650	197.164	399.682	1381.544	206.902	479.077	1084.571	274.715	494.027	857.057	180.639	87.287	1357.930	165.040	44.140	1045.775	222.343	-9.865	832.566	245.647	414.957	830.249	202.743	399.348	448.218	180.375	361.575	64.995	132.914	330.461	25.352	299.298	382.214	25.944	366.506	338.472	24.897	251.246	66.323	832.517	202.416	74.374	459.649	173.862	118.656	73.955	123.731	160.954	27.314	280.076	82.226	27.316	350.304	117.291	27.374
874	8.73000	290.506	232.554	1661.413	197.040	399.778	1381.464	206.851	479.371	1084.499	274.511	494.519	856.924	180.760	87.396	1357.810	164.966	44.104	1046.016	222.723	-9.955	832.682	245.281	415.167	830.282	202.675	399.448	448.248	180.262	361.505	64.995	132.973	330.426	25.356	299.094	382.377	25.938	366.530	338.468	25.186	251.666	66.512	832.529	202.458	74.581	459.760	173.378	118.744	74.265	123.862	161.010	27.179	279.974	82.112	27.498	350.330	117.316	27.471
875	8.74000	290.780	232.725	1661.259	196.961	399.890	1381.401	206.817	479.586	1084.457	274.315	494.988	856.792	180.960	87.484	1357.665	165.566	44.371	1045.553	223.435	-9.900	832.549	245.228	415.440	830.138	202.561	399.550	448.239	180.127	361.451	65.193	132.886	330.430	25.397	298.871	382.430	25.884	366.543	338.452	24.996	251.991	66.646	832.434	202.503	74.737	459.674	173.471	118.728	74.282	123.903	161.016	27.110	280.020	82.200	27.399	350.390	117.394	27.361
876	8.75000	290.924	232.824	1661.349	196.918	400.024	1381.310	206.816	479.766	1084.392	274.098	495.434	856.795	181.154	87.600	1357.530	166.234	44.644	1045.728	223.961	-9.822	832.580	245.136	415.703	830.260	202.404	399.631	448.339	180.215	361.476	64.962	132.742	330.381	25.469	299.114	382.554	25.868	366.466	338.498	24.943	252.585	66.762	832.343	202.078	74.750	459.737	173.467	118.681	74.261	123.969	160.972	27.094	280.025	82.209	27.398	350.414	117.332	27.313
877	8.76000	291.206	233.017	1661.132	196.894	400.150	1381.161	206.802	480.083	1084.403	273.864	495.743	856.453	181.403	87.729	1357.484	166.652	44.589	1045.442	224.923	-9.716	832.384	245.048	415.896	830.235	202.501	399.767	448.346	180.218	361.506	65.055	132.826	330.397	25.429	299.271	382.387	25.950	366.487	338.408	25.109	253.050	66.995	832.304	201.807	74.809	459.746	174.024	118.872	73.859	123.890	161.038	27.286	279.988	82.316	27.505	350.383	117.269	27.414
878	8.77000	291.249	233.126	1661.131	196.913	400.256	1381.069	206.849	480.282	1084.279	273.512	496.026	856.380	181.686	87.815	1357.342	167.306	44.700	1045.338	225.735	-9.698	832.251	244.886	416.034	830.161	202.488	399.817	448.302	180.186	361.488	65.144	132.903	330.303	25.346	299.056	382.501	26.092	366.572	338.569	24.930	253.583	67.143	832.348	201.284	74.834	459.780	173.348	118.730	74.380	123.778	161.075	27.344	279.936	82.165	27.454	350.293	117.286	27.322
879	8.78000	291.324	233.346	1661.083	197.124	400.391	1380.943	206.823	480.468	1084.215	273.238	496.252	856.060	181.939	87.888	1357.237	167.800	44.564	1045.283	226.390	-9.956	832.284	244.922	416.114	830.101	202.507	399.883	448.222	180.404	361.578	64.763	132.960	330.313	25.265	299.138	382.353	26.054	366.553	338.451	25.053	254.171	67.244	832.141	200.709	74.723	459.608	173.494	118.856	74.222	123.845	161.079	27.284	280.153	82.256	27.299	350.454	117.274	27.367
880	8.79000	291.588	233.595	1661.196	197.212	400.509	1380.749	206.886	480.615	1084.064	273.052	496.453	855.904	182.225	87.991	1357.135	168.587	44.782	1044.852	227.659	-9.566	832.442	245.027	416.420	830.059	202.428	399.867	448.257	180.003	361.555	65.095	132.876	330.255	25.383	299.274	382.453	25.842	366.621	338.628	24.865	254.354	67.352	832.037	200.039	74.939	459.487	173.948	118.651	74.018	123.696	161.099	27.474	279.862	82.129	27.432	350.360	117.273	27.312
881	8.80000	291.611	233.705	1661.124	197.294	400.557	1380.596	206.977	480.822	1083.961	272.429	496.721	855.847	182.506	88.027	1357.072	168.950	44.422	1044.967	228.658	-9.596	832.409	244.919	416.494	830.103	202.413	399.948	448.351	180.210	361.506	64.957	132.751	330.347	25.475	299.036	382.533	26.073	366.618	338.543	24.986	255.015	67.555	831.958	199.585	74.974	459.750	173.603	118.747	74.031	123.683	161.141	27.500	280.001	82.200	27.390	350.250	117.187	27.319
882	8.81000	291.603	233.814	1661.247	197.403	400.685	1380.385	207.001	481.022	1083.932	271.793	496.852	855.759	182.672	87.933	1357.085	169.931	44.747	1044.745	229.290	-9.718	832.585	245.036	416.744	830.089	202.333	399.986	448.220	180.273	361.435	65.142	132.899	330.320	25.358	299.157	382.483	25.849	366.513	338.434	24.916	255.384	67.559	831.913	198.940	74.864	459.710	173.527	118.705	74.173	123.534	161.097	27.645	280.172	82.086	27.189	350.334	117.172	27.436
883	8.82000	291.661	233.984	1661.320	197.346	400.775	1380.184	207.109	481.212	1083.763	271.725	496.957	855.445	182.959	87.923	1357.059	170.276	44.508	1044.745	230.480	-9.733	832.629	244.997	416.763	830.026	202.372	399.998	448.154	180.090	361.580	65.048	132.875	330.321	25.338	299.205	382.388	26.044	366.655	338.442	24.789	255.548	67.738	831.924	198.537	74.894	459.696	173.133	118.615	74.284	123.545	161.165	27.651	279.890	82.376	27.265	350.243	117.174	27.247
884	8.83000	291.528	234.189	1661.581	197.238	400.665	1379.862	207.340	481.502	1083.431	271.388	497.151	855.065	183.253	87.949	1357.119	171.070	44.788	1044.615	231.408	-9.722	832.778	245.026	416.969	830.143	202.278	400.180	448.257	180.046	361.588	65.076	132.853	330.348	25.385	299.117	382.481	25.879	366.521	338.503	24.916	256.007	67.796	831.929	198.028	74.660	459.768	174.096	118.874	73.723	123.484	161.157	27.711	279.924	82.034	27.348	350.275	117.200	27.254
885	8.84000	291.557	234.131	1661.551	197.055	400.659	1379.717	207.588	481.563	1083.324	270.937	497.224	854.980	183.531	87.984	1357.120	170.984	44.173	1044.899	232.566	-9.584	832.916	244.998	417.157	830.106	202.311	400.380	448.261	180.102	361.673	65.061	132.845	330.403	25.389	299.155	382.654	25.816	366.527	338.429	24.946	256.514	67.724	831.778	198.091	74.930	459.740	173.545	118.833	74.176	123.502	161.116	27.703	279.861	81.964	27.334	350.288	117.147	27.281
886	8.85000	291.675	234.352	1661.708	196.785	400.722	1379.450	207.800	481.608	1083.228	270.644	497.372	854.787	183.849	88.033	1357.149	171.218	43.948	1045.037	233.540	-9.414	832.856	244.856	417.185	830.114	202.209	400.456	448.273	179.806	361.625	65.213	132.832	330.454	25.460	299.001	382.649	25.803	366.632	338.317	25.037	256.407	67.829	831.821	198.040	74.717	459.761	173.500	118.895	74.262	123.524	161.109	27.710	280.115	81.982	27.185	350.240	117.131	27.224
887	8.86000	291.619	234.628	1661.600	196.624	400.543	1379.315	208.260	481.761	1083.288	270.333	497.339	854.605	183.865	88.035	1357.351	172.830	44.601	1044.435	234.289	-9.269	832.809	244.797	417.202	830.194	202.048	400.557	448.262	180.249	361.857	64.946	132.872	330.442	25.440	299.079	382.699	25.721	366.515	338.505	24.930	256.458	67.839	831.949	197.709	74.759	459.769	173.047	118.787	74.383	123.541	161.142	27.751	279.954	81.940	27.230	350.255	117.110	27.286
888	8.87000	291.613	234.336	1661.795	196.557	400.668	1379.246	208.825	481.924	1083.184	270.138	497.282	854.358	184.156	88.134	1357.475	173.151	44.499	1044.951	235.656	-8.814	832.651	244.818	417.290	830.276	202.136	400.689	448.351	180.378	361.941	64.702	132.908	330.509	25.407	298.963	382.650	25.797	366.624	338.309	25.070	256.397	67.817	832.100	198.136	75.150	459.829	173.507	118.903	74.173	123.670	161.169	27.643	280.019	81.918	27.280	350.252	117.038	27.290
889	8.88000	291.599	234.628	1661.664	196.434	400.666	1379.191	209.071	482.083	1083.351	269.788	497.231	854.166	184.244	88.292	1357.589	173.641	44.706	1045.095	236.674	-8.492	832.649	244.739	417.455	830.244	202.082	400.769	448.320	179.899	361.926	65.116	132.948	330.506	25.440	298.957	382.756	25.576	366.427	338.615	24.995	256.424	67.861	832.081	198.335	75.214	459.739	173.858	118.794	74.071	123.744	161.168	27.660	280.035	82.043	27.239	350.245	117.129	27.251
890	8.89000	291.877	234.788	1661.771	196.419	400.683	1379.239	209.314	482.115	1083.375	269.554	497.143	854.121	184.266	88.321	1357.805	173.992	45.005	1045.239	237.844	-8.291	832.951	244.718	417.431	830.262	201.980	400.744	448.404	179.843	361.945	65.092	132.876	330.549	25.411	299.102	382.788	25.658	366.487	338.502	25.235	256.383	67.865	832.252	198.407	75.278	459.831	173.790	118.732	74.078	123.802	161.261	27.556	279.881	81.986	27.273	350.346	117.114	27.263
891	8.90000	292.068	234.795	1661.940	196.420	400.762	1379.207	209.622	482.042	1083.356	269.373	496.893	854.051	184.313	88.413	1357.905	175.272	45.678	1044.864	238.376	-7.950	833.312	244.536	417.404	830.328	201.869	400.916	448.490	179.653	362.001	65.490	132.896	330.544	25.451	298.809	382.782	25.405	366.517	338.530	25.018	256.185	67.951	832.240	198.753	75.258	459.982	174.095	118.840	74.069	123.803	161.194	27.570	279.915	81.998	27.253	350.259	117.029	27.250
892	8.91000	292.339	234.888	1661.806	196.415	400.791	1379.302	209.838	482.236	1083.502	269.197	496.905	854.032	184.355	88.627	1358.053	174.554	45.197	1045.491	239.590	-7.369	833.693	244.483	417.417	830.237	201.775	401.009	448.628	179.748	362.137	65.037	132.889	330.624	25.409	299.036	382.872	25.588	366.533	338.514	25.091	256.156	67.942	832.325	198.830	75.392	459.824	173.364	118.939	74.329	123.940	161.190	27.410	280.019	81.995	27.255	350.360	117.127	27.293
893	8.92000	292.488	234.966	1661.839	196.345	400.806	1379.393	210.015	482.166	1083.591	269.203	496.814	854.083	184.219	88.780	1358.205	174.770	45.393	1045.660	240.823	-6.879	833.745	244.497	417.406	830.321	201.773	401.060	448.478	179.728	362.072	65.488	132.903	330.618	25.367	299.012	383.041	25.687	366.542	338.472	25.142	256.070	67.965	832.333	199.064	75.554	460.028	174.391	118.927	73.758	124.150	161.254	27.258	280.109	82.068	27.395	350.245	117.101	27.280
894	8.93000	292.671	234.962	1662.047	196.468	400.829	1379.479	209.964	482.125	1083.529	269.198	496.709	854.108	184.161	88.904	1358.273	174.902	45.377	1045.990	241.319	-6.819	834.253	244.243	417.294	830.384	201.534	400.847	448.460	179.900	362.248	65.005	132.847	330.638	25.376	299.250	383.100	25.380	366.425	338.443	25.153	256.179	67.941	832.381	199.108	75.600	459.998	173.897	118.917	74.105	124.059	161.298	27.295	279.874	82.067	27.343	350.261	117.114	27.296
895	8.94000	292.870	235.074	1662.002	196.434	400.917	1379.525	209.990	482.114	1083.693	269.161	496.472	854.230	184.113	89.057	1358.358	175.073	45.724	1045.804	242.021	-6.479	834.355	244.134	417.233	830.298	201.386	400.918	448.595	179.899	362.191	65.194	132.793	330.644	25.479	299.105	383.075	25.283	366.538	338.441	25.315	256.127	67.852	832.368	199.679	75.608	459.876	173.187	118.864	74.506	124.178	161.308	27.239	280.121	82.151	27.212	350.236	117.132	27.275
896	8.95000	293.070	235.116	1661.773	196.562	401.171	1379.648	210.121	482.057	1083.654	269.563	496.525	854.373	184.109	89.240	1358.353	175.346	45.954	1045.950	242.963	-6.364	834.494	244.108	417.220	830.372	201.206	400.841	448.538	179.669	362.222	65.277	132.851	330.608	25.380	299.059	383.118	25.459	366.459	338.572	25.110	256.149	67.824	832.409	199.989	75.727	459.746	173.870	118.960	74.183	124.098	161.263	27.374	279.951	82.154	27.292	350.379	117.144	27.261
897	8.96000	293.235	235.197	1661.781	196.676	401.218	1379.683	209.964	482.004	1083.737	269.759	496.334	854.374	184.004	89.324	1358.373	175.130	45.942	1046.001	243.919	-6.020	834.336	243.847	417.082	830.433	201.055	400.768	448.540	179.438	362.031	65.279	132.771	330.624	25.455	299.156	382.948	25.366	366.567	338.530	25.150	256.438	67.809	832.496	200.102	75.793	459.649	174.141	119.049	74.107	124.122	161.280	27.234	279.999	82.200	27.342	350.328	117.164	27.217
898	8.97000	293.382	235.195	1661.798	196.874	401.284	1379.687	209.897	481.938	1083.641	269.831	496.087	854.444	184.024	89.437	1358.371	175.491	46.304	1045.763	244.487	-5.731	834.494	243.711	417.148	830.318	200.830	400.654	448.603	179.752	362.280	65.029	132.895	330.539	25.307	299.111	383.114	25.441	366.527	338.496	25.214	256.423	67.678	832.352	200.555	75.602	459.897	174.565	119.124	73.798	124.113	161.354	27.300	280.096	82.341	27.325	350.347	117.188	27.286
899	8.98000	293.505	235.301	1661.752	197.012	401.375	1379.744	209.893	481.831	1083.626	270.082	495.968	854.523	184.037	89.575	1358.302	175.558	46.445	1045.789	244.951	-5.530	834.370	243.492	416.906	830.411	200.769	400.511	448.548	179.671	362.042	65.240	132.802	330.560	25.370	299.180	383.118	25.480	366.466	338.487	25.269	256.506	67.597	832.267	200.857	75.630	459.820	174.016	118.841	74.146	124.051	161.330	27.352	280.144	82.067	27.562	350.369	117.218	27.285
900	8.99000	293.749	235.328	1661.788	197.278	401.450	1379.741	209.879	481.898	1083.526	270.234	495.968	854.484	183.916	89.597	1358.249	176.101	46.813	1045.290	245.477	-5.549	834.560	243.428	416.870	830.387	200.774	400.399	448.623	179.827	362.110	65.010	132.855	330.528	25.339	299.203	383.140	25.500	366.393	338.605	25.175	256.707	67.508	832.225	200.982	75.476	459.740	174.471	119.122	73.880	123.963	161.307	27.356	280.203	82.358	27.260	350.438	117.257	27.257
901	9.00000	293.651	235.350	1661.764	197.463	401.587	1379.779	209.717	481.876	1083.438	270.443	495.975	854.509	183.950	89.702	1358.222	176.814	47.132	1045.523	246.123	-5.195	834.192	243.199	416.702	830.464	200.561	400.373	448.704	179.892	362.283	64.854	132.737	330.559	25.370	299.103	382.946	25.719	366.420	338.516	25.271	256.880	67.404	832.095	201.230	75.375	459.632	174.483	119.031	73.876	123.885	161.353	27.486	280.017	82.269	27.406	350.332	117.226	27.267
902	9.01000	294.040	235.507	1661.776	197.579	401.644	1379.776	209.691	481.910	1083.539	270.647	495.793	854.532	183.984	89.791	1358.160	176.345	47.215	1045.139	246.704	-4.996	834.439	243.095	416.529	830.396	200.743	400.232	448.662	179.688	362.004	64.954	132.789	330.470	25.354	299.086	382.906	25.515	366.413	338.548	25.280	256.906	67.292	832.145	201.212	75.298	459.452	174.351	119.005	73.865	123.915	161.289	27.444	280.044	82.184	27.395	350.297	117.242	27.156
903	9.02000	294.020	235.352	1661.799	197.739	401.752	1379.742	209.607	481.797	1083.449	271.004	495.792	854.550	184.037	89.890	1358.152	176.742	47.250	1045.182	247.043	-4.785	834.286	242.962	416.381	830.448	200.693	399.969	448.556	179.516	362.022	65.156	132.798	330.442	25.364	299.071	382.799	25.544	366.353	338.529	25.507	257.096	67.137	832.062	201.253	75.138	459.569	174.272	118.840	74.008	123.726	161.267	27.575	280.235	82.351	27.307	350.383	117.290	27.209
904	9.03000	294.204	235.620	1661.437	197.862	401.941	1379.809	209.517	481.753	1083.427	271.013	495.671	854.716	184.020	89.947	1358.104	176.919	47.281	1045.292	247.641	-4.537	834.508	242.985	416.310	830.437	200.550	400.037	448.655	179.535	361.902	65.102	132.757	330.399	25.290	298.970	383.099	25.636	366.370	338.649	25.075	257.180	67.004	831.958	201.245	74.893	459.461	174.295	118.968	73.805	123.558	161.250	27.690	279.882	82.154	27.501	350.330	117.209	27.371
905	9.04000	294.227	235.566	1661.507	198.054	402.022	1379.764	209.406	481.738	1083.289	271.368	495.607	854.563	184.093	89.991	1358.135	176.877	47.309	1045.165	248.154	-4.338	834.463	242.863	416.154	830.508	200.920	400.035	448.688	179.731	361.941	64.869	132.753	330.439	25.279	298.976	382.909	25.655	366.440	338.475	25.110	257.239	66.883	832.017	201.286	74.811	459.587	173.513	118.905	74.238	123.529	161.174	27.721	279.956	82.189	27.502	350.304	117.270	27.263
906	9.05000	294.581	235.406	1661.251	198.195	402.099	1379.693	209.299	481.638	1083.207	271.556	495.453	854.607	184.223	90.055	1358.104	177.369	47.424	1045.373	248.564	-4.021	834.013	242.881	416.045	830.448	201.012	399.909	448.646	179.554	361.876	65.149	132.754	330.491	25.253	299.072	382.994	25.556	366.345	338.544	25.239	257.254	66.686	831.950	201.266	74.707	459.461	174.023	118.695	74.049	123.522	161.191	27.664	280.108	82.319	27.301	350.352	117.264	27.363
907	9.06000	294.221	235.611	1661.369	198.233	402.221	1379.660	209.067	481.364	1083.075	271.866	495.277	854.571	184.319	90.081	1358.114	177.272	47.344	1045.328	248.496	-4.120	834.341	242.884	415.874	830.525	201.020	399.893	448.671	179.594	361.870	65.226	132.814	330.446	25.185	299.013	383.040	25.632	366.456	338.574	25.078	257.280	66.576	831.878	200.933	74.444	459.301	174.076	118.653	74.041	123.426	161.154	27.788	280.178	82.375	27.254	350.324	117.325	27.280
908	9.07000	294.492	235.492	1661.580	198.334	402.307	1379.633	208.779	481.303	1082.840	272.137	495.131	854.525	184.401	90.128	1358.157	177.555	47.527	1044.986	248.648	-4.010	834.265	242.931	415.789	830.429	201.166	399.760	448.545	179.562	361.783	65.038	132.680	330.470	25.324	299.004	382.852	25.657	366.364	338.541	25.319	257.374	66.362	831.874	201.213	74.356	459.494	173.787	118.861	74.028	123.367	161.083	27.722	280.069	82.278	27.405	350.314	117.275	27.311
909	9.08000	294.416	235.413	1661.397	198.432	402.345	1379.592	208.415	481.097	1082.714	272.494	495.011	854.533	184.502	90.153	1358.131	177.673	47.546	1045.132	248.647	-3.947	834.284	242.925	415.665	830.475	201.310	399.902	448.543	179.680	361.919	65.252	132.746	330.465	25.239	299.045	382.717	25.596	366.304	338.493	25.219	257.237	66.177	831.854	200.884	74.126	459.416	173.378	118.713	74.295	123.379	161.135	27.694	279.983	82.175	27.388	350.359	117.272	27.272
910	9.09000	294.422	235.451	1661.358	198.510	402.324	1379.498	208.067	480.766	1082.603	272.667	494.831	854.481	184.603	90.133	1358.104	177.467	47.483	1045.527	248.569	-4.008	834.354	243.049	415.515	830.408	201.424	399.650	448.586	179.827	361.875	65.041	132.731	330.491	25.215	299.163	382.749	25.888	366.440	338.433	25.341	257.180	66.065	831.860	200.637	73.945	459.307	174.167	118.696	73.675	123.310	161.044	27.765	280.020	82.333	27.407	350.238	117.310	27.252
911	9.10000	294.726	235.398	1661.327	198.497	402.341	1379.451	208.185	480.646	1082.419	272.966	494.555	854.353	184.698	90.137	1358.211	177.683	47.453	1045.122	248.715	-3.821	833.973	243.188	415.362	830.367	201.647	399.574	448.448	179.778	361.723	64.975	132.779	330.470	25.212	299.066	382.691	25.673	366.473	338.449	25.290	257.062	65.946	831.780	200.553	73.715	459.118	173.789	118.776	74.018	123.376	161.059	27.720	280.123	82.188	27.374	350.211	117.288	27.339
912	9.11000	294.506	235.296	1661.369	198.589	402.344	1379.398	208.073	480.279	1082.151	273.084	494.250	854.356	184.808	90.127	1358.179	177.733	47.475	1045.206	248.328	-3.921	833.967	243.346	415.226	830.384	201.749	399.586	448.551	179.835	361.714	65.098	132.784	330.465	25.140	299.110	382.598	25.665	366.399	338.378	25.281	256.824	65.729	831.722	200.431	73.465	459.093	174.247	118.679	73.739	123.328	161.101	27.725	279.943	82.243	27.513	350.243	117.223	27.318
913	9.12000	294.627	235.140	1661.154	198.723	402.406	1379.359	207.928	480.022	1082.125	273.135	493.892	854.257	184.892	90.131	1358.251	177.677	47.277	1045.381	248.099	-3.969	833.936	243.596	415.076	830.402	201.677	399.348	448.319	180.067	361.776	64.964	132.735	330.452	25.260	299.004	382.548	25.846	366.428	338.356	25.403	256.582	65.531	831.662	200.438	73.355	459.014	173.878	118.538	73.773	123.309	161.063	27.731	280.130	82.302	27.218	350.250	117.306	27.235
914	9.13000	294.735	235.171	1661.362	198.785	402.412	1379.270	207.886	479.851	1082.000	273.361	493.651	854.169	184.996	90.052	1358.228	177.672	47.145	1045.324	247.865	-4.120	834.239	243.773	414.862	830.341	201.998	399.379	448.434	180.266	361.869	64.839	132.841	330.472	25.196	299.094	382.379	25.894	366.378	338.407	25.406	256.353	65.351	831.681	199.900	72.892	459.033	173.847	118.469	73.863	123.266	161.058	27.771	280.035	82.143	27.507	350.266	117.264	27.332
915	9.14000	294.468	235.100	1661.272	198.967	402.366	1379.265	207.856	479.633	1081.892	273.441	493.287	854.181	185.145	90.026	1358.246	178.303	47.655	1044.975	247.502	-4.252	834.168	243.916	414.730	830.323	202.078	399.145	448.402	179.769	361.673	65.110	132.812	330.374	25.150	298.928	382.295	25.821	366.417	338.330	25.255	256.299	65.235	831.632	199.957	72.926	459.091	173.877	118.607	73.710	123.353	161.035	27.723	279.987	82.226	27.405	350.359	117.304	27.413
916	9.15000	294.365	235.334	1661.551	199.153	402.393	1379.251	208.059	479.327	1081.816	273.429	492.910	854.022	185.225	89.961	1358.308	177.783	47.255	1045.464	247.284	-4.288	834.144	244.175	414.444	830.283	202.199	399.088	448.411	179.759	361.508	65.053	132.854	330.487	25.224	298.889	382.397	26.075	366.366	338.356	25.324	255.820	64.945	831.661	200.065	73.057	458.758	173.971	118.606	73.725	123.364	161.076	27.667	280.179	82.264	27.219	350.260	117.267	27.410
917	9.16000	294.557	235.085	1661.455	199.286	402.364	1379.234	207.886	479.097	1081.793	273.528	492.472	853.828	185.311	89.943	1358.266	178.004	47.269	1045.291	246.468	-4.675	833.880	244.586	414.433	830.330	202.337	399.008	448.248	180.112	361.617	65.065	132.699	330.450	25.340	298.971	382.231	25.929	366.510	338.347	25.226	255.600	64.656	831.659	199.683	72.803	458.850	173.920	118.549	73.836	123.340	161.023	27.725	280.093	82.593	27.243	350.324	117.278	27.236
918	9.17000	294.222	235.008	1661.641	199.578	402.328	1379.246	207.976	478.891	1081.785	273.623	492.075	853.632	185.411	89.921	1358.286	177.990	47.037	1045.333	246.658	-4.518	833.742	244.728	414.239	830.168	202.350	398.844	448.183	179.759	361.318	65.360	132.875	330.358	25.198	299.138	382.257	26.307	366.432	338.233	25.024	255.270	64.437	831.593	199.240	72.504	459.001	174.109	118.616	73.592	123.496	161.050	27.625	280.138	82.139	27.402	350.267	117.244	27.281
919	9.18000	294.462	234.823	1661.552	199.846	402.321	1379.226	208.080	478.842	1081.748	273.516	491.658	853.470	185.487	89.799	1358.284	178.190	46.997	1045.470	246.636	-4.532	833.661	244.660	413.976	830.324	202.458	398.630	448.167	180.094	361.515	65.093	132.856	330.429	25.265	299.201	382.022	26.099	366.418	338.266	25.126	255.111	64.274	831.626	199.431	72.550	458.878	174.172	118.624	73.584	123.470	161.088	27.693	280.187	82.361	27.216	350.339	117.234	27.339
920	9.19000	294.514	234.841	1661.562	200.125	402.227	1379.228	208.220	478.555	1081.652	273.317	491.191	853.320	185.576	89.760	1358.308	177.754	46.788	1045.663	246.054	-4.946	833.837	244.753	413.797	830.123	202.692	398.477	448.091	180.050	361.388	65.048	132.823	330.401	25.254	298.972	381.985	26.180	366.451	338.288	25.245	254.954	64.072	831.508	199.085	72.304	458.990	174.266	118.664	73.496	123.542	161.044	27.498	280.083	82.244	27.181	350.190	117.261	27.245
921	9.20000	294.418	234.695	1661.720	200.509	402.220	1379.254	208.537	478.422	1081.488	273.280	490.871	853.135	185.608	89.727	1358.306	177.881	46.650	1045.690	246.017	-5.080	833.910	245.028	413.553	830.105	202.955	398.337	448.055	180.110	361.291	65.042	132.837	330.376	25.317	299.183	381.875	26.191	366.468	338.119	25.241	254.615	63.894	831.672	198.726	72.253	459.051	174.053	118.574	73.614	123.609	161.075	27.505	280.008	82.035	27.374	350.234	117.216	27.314
922	9.21000	294.533	234.773	1661.781	200.802	402.141	1379.237	208.726	478.279	1081.435	273.095	490.494	853.024	185.653	89.621	1358.332	177.579	46.465	1045.628	245.291	-5.438	834.056	245.396	413.480	829.893	202.986	398.323	448.118	180.058	361.260	65.086	132.771	330.323	25.399	299.126	381.929	26.067	366.429	338.193	25.286	254.626	63.721	831.586	198.527	72.118	459.050	173.630	118.431	73.715	123.648	161.110	27.396	280.208	82.603	27.097	350.254	117.188	27.255
923	9.22000	294.509	234.595	1661.797	201.205	402.123	1379.250	208.957	478.136	1081.505	272.976	490.081	852.795	185.774	89.574	1358.334	177.513	46.507	1045.709	245.118	-5.465	834.026	245.442	413.281	829.968	203.041	397.934	448.051	180.021	361.215	65.084	132.870	330.315	25.355	299.196	381.846	26.197	366.389	338.233	25.148	254.662	63.566	831.521	198.294	71.934	459.095	173.919	118.577	73.757	123.724	161.151	27.384	280.089	82.464	27.157	350.253	117.185	27.283
924	9.23000	294.479	234.389	1661.872	201.588	402.010	1379.227	209.230	478.004	1081.329	272.939	489.669	852.711	185.807	89.499	1358.372	177.382	46.386	1045.531	245.028	-5.664	834.050	245.590	413.176	829.936	203.215	397.729	448.013	180.291	361.188	64.917	132.999	330.390	25.291	299.204	381.896	26.378	366.656	338.141	25.332	254.582	63.370	831.421	198.101	71.817	459.131	174.301	118.548	73.381	123.645	161.131	27.503	279.946	82.144	27.316	350.252	117.167	27.357
925	9.24000	294.546	234.241	1662.102	201.942	402.021	1379.225	209.462	477.812	1081.333	272.805	489.335	852.551	185.798	89.428	1358.453	177.363	46.264	1045.639	244.413	-6.021	834.141	245.745	412.992	829.842	203.213	397.608	448.162	180.262	361.095	65.049	132.962	330.263	25.369	298.877	381.752	26.578	366.592	338.075	25.246	254.459	63.095	831.553	198.033	71.712	459.083	174.126	118.589	73.500	123.611	161.160	27.444	279.975	81.945	27.424	350.257	117.158	27.398
926	9.25000	294.656	234.171	1662.032	202.340	401.911	1379.140	209.735	477.857	1081.338	272.620	489.103	852.101	185.892	89.319	1358.467	176.991	46.218	1045.837	244.192	-6.170	834.185	245.743	412.871	829.892	203.541	397.291	448.034	180.482	361.196	65.087	132.808	330.258	25.455	299.094	381.607	26.586	366.564	338.190	25.254	254.380	62.953	831.487	197.919	71.548	459.063	173.658	118.390	73.758	123.566	161.112	27.447	280.107	82.075	27.237	350.266	117.141	27.388
927	9.26000	294.590	233.976	1662.111	202.644	401.896	1379.150	209.928	477.620	1081.284	272.526	488.786	851.965	185.951	89.223	1358.500	177.041	45.509	1045.765	243.872	-6.230	834.193	245.792	412.704	829.945	203.685	397.154	448.027	180.365	361.166	65.165	132.999	330.260	25.372	299.219	381.471	26.367	366.468	338.119	25.062	254.212	62.845	831.488	197.587	71.428	459.301	174.246	118.457	73.331	123.625	161.145	27.401	280.149	82.139	27.155	350.280	117.220	27.235
928	9.27000	294.727	233.916	1662.092	203.029	401.848	1379.098	210.339	477.538	1081.259	272.399	488.334	851.853	186.010	89.151	1358.522	176.498	45.454	1045.627	243.333	-6.470	834.263	245.732	412.583	830.042	203.614	396.920	448.122	180.177	361.088	65.087	132.891	330.238	25.447	299.343	381.668	26.475	366.609	338.140	25.209	254.250	62.705	831.437	197.446	71.296	459.031	174.051	118.513	73.364	123.638	161.077	27.302	279.956	82.110	27.349	350.277	117.208	27.244
929	9.28000	294.857	233.887	1662.239	203.387	401.788	1379.053	210.591	477.425	1081.203	272.222	487.994	851.532	186.047	89.059	1358.587	176.279	45.669	1045.852	242.599	-6.825	834.540	245.876	412.387	829.955	203.856	396.879	448.001	180.318	361.046	65.097	132.942	330.235	25.448	299.235	381.690	26.349	366.563	338.048	25.218	254.119	62.445	831.467	197.433	71.173	459.235	173.907	118.416	73.518	123.614	161.173	27.433	279.735	81.821	27.504	350.339	117.155	27.268
930	9.29000	294.986	233.768	1662.134	203.766	401.824	1379.046	210.640	477.114	1081.118	271.999	487.674	851.435	186.088	88.946	1358.642	175.928	45.137	1045.978	242.599	-6.888	834.472	245.885	412.235	829.941	203.691	396.726	448.200	180.337	361.079	65.125	132.951	330.188	25.500	299.227	381.502	26.278	366.560	338.077	25.247	254.072	62.423	831.413	197.206	71.111	459.212	174.577	118.682	73.141	123.617	161.135	27.451	279.821	81.939	27.382	350.248	117.175	27.225
931	9.30000	294.990	233.581	1662.343	204.070	401.799	1378.913	211.113	477.097	1081.057	271.864	487.365	851.373	186.153	88.835	1358.621	176.125	45.240	1045.821	242.182	-7.058	834.568	245.917	412.096	829.956	203.704	396.525	448.153	180.544	361.220	65.050	133.234	330.365	25.308	299.283	381.563	26.409	366.631	338.041	24.985	253.894	62.266	831.352	197.173	71.028	459.274	173.651	118.325	73.562	123.625	161.099	27.414	280.103	82.106	27.106	350.253	117.130	27.277
932	9.31000	295.213	233.641	1662.210	204.427	401.803	1378.836	211.439	476.955	1080.932	271.824	487.136	851.031	186.378	88.792	1358.620	175.847	44.963	1046.036	241.803	-7.320	834.570	245.940	412.046	829.909	204.090	396.571	448.134	180.315	360.935	65.102	133.232	330.291	25.328	299.332	381.550	26.398	366.679	337.963	25.315	253.862	62.136	831.357	196.618	70.860	459.301	174.184	118.565	73.222	123.646	161.170	27.458	279.786	82.360	27.404	350.211	117.149	27.245
933	9.32000	295.293	233.435	1662.260	204.763	401.837	1378.827	211.820	476.744	1080.845	271.763	486.637	850.760	186.382	88.667	1358.684	175.615	44.656	1046.276	241.503	-7.626	834.629	246.069	411.823	830.010	203.569	396.112	448.248	180.264	360.975	65.087	132.949	330.136	25.496	299.053	381.448	26.466	366.615	338.016	25.455	253.701	61.994	831.382	196.614	70.758	459.329	173.942	118.480	73.411	123.562	161.122	27.464	280.037	81.985	27.154	350.243	117.133	27.222
934	9.33000	295.360	233.296	1662.360	205.196	401.903	1378.661	211.997	476.611	1080.769	271.720	486.411	850.690	186.447	88.582	1358.707	175.751	44.660	1046.097	241.134	-7.991	834.578	246.133	411.741	829.942	203.809	396.106	448.091	180.441	360.968	65.116	133.086	330.168	25.390	299.264	381.499	26.442	366.649	338.156	24.973	253.611	61.837	831.295	196.518	70.768	459.038	174.381	118.586	73.138	123.505	161.109	27.562	280.143	82.323	27.007	350.244	117.104	27.204
935	9.34000	295.399	233.252	1662.366	205.454	401.908	1378.583	212.386	476.594	1080.527	271.597	486.156	850.544	186.552	88.405	1358.640	175.812	44.554	1046.166	240.996	-8.283	834.419	246.142	411.567	829.891	204.148	395.458	447.953	180.314	360.843	65.052	133.070	330.118	25.434	299.129	381.482	26.495	366.677	338.131	25.217	253.547	61.769	831.271	196.616	70.670	459.319	174.493	118.776	73.015	123.495	161.103	27.557	280.235	82.500	26.976	350.246	117.103	27.233
936	9.35000	295.412	233.061	1662.159	205.663	401.931	1378.509	212.446	476.323	1080.434	271.667	485.622	850.356	186.849	88.264	1358.579	175.654	44.278	1046.204	240.638	-8.719	834.398	246.212	411.529	829.865	203.720	395.747	448.199	180.239	360.808	65.201	132.964	330.107	25.559	299.233	381.480	26.634	366.568	338.006	25.063	253.131	61.475	831.304	196.176	70.657	459.235	173.916	118.481	73.432	123.461	161.169	27.514	279.955	82.060	27.141	350.236	117.105	27.257
937	9.36000	295.524	232.905	1662.354	205.934	402.035	1378.363	212.825	476.322	1080.221	271.868	485.327	850.106	187.306	87.998	1358.542	175.843	44.134	1046.330	240.393	-9.046	834.346	246.183	411.385	829.863	203.704	395.573	448.048	180.203	360.766	65.295	133.021	330.102	25.467	299.376	381.473	26.541	366.667	338.148	25.241	253.060	61.405	831.342	196.106	70.696	459.101	173.907	118.464	73.343	123.471	161.136	27.473	279.949	81.998	27.194	350.248	117.097	27.192
938	9.37000	295.564	232.860	1662.397	206.147	402.088	1378.208	213.204	476.212	1080.020	271.921	484.992	849.766	187.569	87.727	1358.353	175.750	43.695	1046.545	240.229	-9.552	834.164	246.396	411.253	829.958	203.621	395.426	448.059	180.474	360.968	65.327	133.024	329.977	25.467	299.241	381.422	26.515	366.758	338.120	25.083	252.921	61.290	831.368	196.176	70.464	459.437	173.983	118.428	73.400	123.465	161.139	27.678	280.139	82.065	27.157	350.248	117.132	27.289
939	9.38000	295.598	232.642	1662.420	206.306	402.165	1378.116	213.735	476.088	1079.726	272.277	484.706	849.452	187.988	87.543	1358.197	175.748	43.413	1046.628	240.054	-9.702	833.707	246.515	411.134	829.881	203.414	395.182	448.134	180.320	360.684	65.348	132.956	330.007	25.540	299.272	381.322	26.402	366.645	338.045	25.123	252.242	60.995	831.486	195.785	70.410	459.399	174.094	118.593	73.186	123.391	161.167	27.617	279.976	82.028	27.171	350.149	117.089	27.322
940	9.39000	295.663	232.473	1662.484	206.291	402.156	1377.917	214.023	475.953	1079.634	272.388	484.365	849.211	188.643	87.259	1357.965	176.163	43.522	1045.931	239.940	-10.184	833.474	246.561	410.912	829.819	203.477	395.084	448.099	180.282	360.774	65.202	133.020	330.052	25.532	299.431	381.522	26.660	366.755	338.130	25.194	252.078	60.910	831.469	195.784	70.435	459.459	173.929	118.418	73.399	123.439	161.166	27.612	280.195	82.408	27.103	350.314	117.073	27.250
941	9.40000	295.903	232.451	1662.494	206.254	402.210	1377.827	214.566	476.073	1079.451	272.779	484.082	849.040	189.197	86.965	1357.779	176.312	42.656	1045.694	239.598	-10.633	833.157	246.514	410.774	829.871	203.532	395.188	448.174	180.396	360.788	65.520	132.977	329.895	25.550	299.482	381.414	26.509	366.622	338.165	25.147	252.064	60.867	831.498	195.914	70.385	459.418	174.023	118.400	73.387	123.380	161.198	27.709	280.056	82.408	27.144	350.185	117.081	27.238
942	9.41000	295.983	232.352	1662.571	206.194	402.234	1377.711	214.918	476.105	1079.392	273.094	483.743	848.750	189.745	86.777	1357.625	178.175	43.819	1044.581	239.554	-11.233	833.180	246.635	410.598	829.819	203.596	395.157	448.162	180.092	360.669	65.337	133.200	330.121	25.385	299.335	381.493	26.372	366.658	338.015	25.224	251.335	60.599	831.600	195.832	70.318	459.465	174.121	118.512	73.300	123.385	161.214	27.709	279.968	82.000	27.179	350.221	117.013	27.259
943	9.42000	295.960	232.068	1662.557	206.093	402.291	1377.642	215.556	475.918	1079.303	273.273	483.585	848.538	190.132	86.675	1357.619	177.837	42.814	1045.084	239.035	-11.544	833.033	246.576	410.526	829.943	203.622	394.939	448.036	180.516	360.853	65.180	132.938	329.879	25.568	299.120	381.115	26.715	366.762	338.063	25.200	251.148	60.578	831.595	195.591	70.121	459.565	174.293	118.583	73.157	123.494	161.232	27.587	280.213	82.454	26.988	350.226	117.070	27.198
944	9.43000	296.160	232.012	1662.491	206.050	402.354	1377.598	216.173	475.763	1079.054	273.616	483.293	848.521	190.508	86.548	1357.524	177.825	42.243	1044.854	238.667	-12.050	832.810	246.603	410.448	830.012	203.645	394.865	448.097	180.337	360.596	65.535	133.084	329.962	25.395	299.375	381.498	26.619	366.728	337.971	25.145	250.535	60.374	831.637	195.598	70.159	459.426	174.113	118.405	73.188	123.389	161.187	27.665	280.109	82.343	27.107	350.268	117.099	27.263
945	9.44000	296.327	232.062	1662.423	205.962	402.376	1377.541	216.675	475.722	1079.105	274.059	483.092	848.357	190.722	86.501	1357.545	178.614	42.336	1044.881	238.629	-12.345	832.710	246.674	410.216	829.878	203.662	394.808	447.932	180.605	360.843	65.096	132.825	329.934	25.566	299.375	381.367	26.552	366.689	338.004	25.187	250.342	60.175	831.722	195.219	70.058	459.082	174.136	118.399	73.295	123.450	161.171	27.640	280.237	82.347	26.956	350.248	117.055	27.285
946	9.45000	296.191	231.766	1662.520	205.815	402.307	1377.483	216.985	475.620	1078.931	274.498	482.763	848.395	190.995	86.326	1357.527	178.650	41.682	1044.861	238.476	-12.722	832.909	246.651	410.227	829.770	203.751	394.798	447.952	180.584	360.776	65.001	132.899	329.996	25.520	299.252	381.418	26.519	366.621	338.211	25.052	249.890	60.106	831.844	195.102	69.985	459.349	173.943	118.412	73.218	123.526	161.205	27.688	280.138	81.973	27.182	350.248	117.107	27.302
947	9.46000	296.330	231.759	1662.536	205.694	402.292	1377.553	217.344	475.536	1079.073	275.013	482.561	848.576	191.105	86.286	1357.614	177.903	40.193	1045.651	238.411	-13.134	832.903	246.705	410.035	829.935	203.659	394.833	448.010	180.459	360.810	65.412	133.113	329.989	25.394	299.060	381.358	26.487	366.657	338.055	25.075	249.746	59.953	831.790	195.021	69.810	459.153	174.422	118.588	73.004	123.499	161.176	27.657	279.959	81.961	27.271	350.329	117.010	27.271
948	9.47000	296.451	231.791	1662.460	205.648	402.221	1377.615	217.645	475.479	1079.085	275.649	482.229	848.640	191.179	86.272	1357.614	178.341	40.281	1045.924	238.409	-13.330	833.000	246.645	409.968	829.928	203.861	394.795	447.906	180.301	360.664	65.495	133.206	330.138	25.351	299.251	381.386	26.520	366.588	338.051	25.303	249.425	59.788	831.927	194.995	69.669	459.474	174.297	118.638	73.058	123.509	161.230	27.626	280.162	82.031	27.040	350.241	117.042	27.255
949	9.48000	296.483	231.781	1662.220	205.538	402.214	1377.614	217.746	475.244	1079.061	276.207	482.009	848.714	191.177	86.207	1357.695	178.697	39.588	1046.684	238.662	-13.676	832.838	246.745	409.900	829.974	203.887	394.799	447.803	180.545	360.755	65.109	133.138	330.062	25.408	299.101	381.383	26.706	366.724	338.009	25.246	249.290	59.750	832.012	194.766	69.623	459.255	174.099	118.373	73.148	123.493	161.118	27.553	280.027	82.336	27.007	350.196	117.044	27.194
950	9.49000	296.691	231.755	1662.361	205.478	402.091	1377.670	217.915	475.076	1079.180	277.317	481.904	848.914	191.174	86.157	1357.731	178.401	39.203	1046.844	238.781	-13.889	832.992	246.779	409.679	829.909	203.841	394.767	447.912	180.327	360.752	65.217	133.107	330.035	25.359	299.111	381.435	26.409	366.550	338.036	25.242	249.100	59.631	831.980	194.357	69.515	459.187	174.164	118.539	72.963	123.570	161.183	27.445	279.953	81.924	27.233	350.204	116.999	27.271
951	9.50000	296.689	231.875	1662.291	205.442	402.025	1377.772	218.073	474.919	1079.292	277.747	481.787	849.171	191.098	86.079	1357.763	179.028	38.877	1046.615	239.012	-14.176	833.189	246.705	409.509	829.936	203.912	394.748	447.878	180.329	360.756	65.234	133.121	330.004	25.331	299.254	381.336	26.652	366.772	337.952	25.160	248.911	59.559	832.024	194.595	69.413	459.274	173.816	118.256	73.317	123.618	161.195	27.416	280.100	82.004	27.045	350.256	117.081	27.298
952	9.51000	296.905	231.898	1662.524	205.316	401.929	1377.748	218.001	474.749	1079.294	278.358	481.763	849.482	190.879	86.036	1357.828	179.184	38.738	1046.896	239.341	-14.217	833.317	246.818	409.427	829.934	203.582	394.516	447.984	180.338	360.789	65.116	132.925	329.857	25.385	299.359	381.251	26.557	366.666	338.096	25.246	248.610	59.464	832.130	194.320	69.299	459.301	173.897	118.332	73.119	123.665	161.162	27.304	280.159	82.254	27.139	350.264	116.980	27.279
953	9.52000	296.835	232.069	1662.243	205.218	401.830	1377.850	218.366	474.673	1079.350	278.937	481.590	849.650	190.801	85.991	1357.825	178.728	38.231	1046.966	239.840	-14.430	833.322	246.579	409.243	829.945	203.633	394.622	448.014	180.174	360.650	65.279	132.982	329.964	25.387	299.159	381.414	26.533	366.625	338.084	25.142	248.430	59.269	832.104	194.303	69.253	459.388	174.014	118.392	73.195	123.680	161.142	27.343	279.876	82.066	26.944	350.316	117.063	27.300
954	9.53000	297.054	231.971	1662.379	205.028	401.832	1377.929	218.429	474.651	1079.417	279.548	481.545	849.885	190.517	85.894	1357.871	178.886	38.129	1047.263	240.305	-14.821	833.696	246.553	409.114	829.876	203.615	394.530	447.955	180.286	360.652	65.468	132.952	329.896	25.435	299.206	381.212	26.664	366.749	337.986	25.210	248.550	59.374	831.952	194.190	69.244	459.170	174.252	118.447	73.072	123.808	161.163	27.280	280.210	82.350	27.015	350.269	117.045	27.223
955	9.54000	297.141	232.014	1662.290	205.205	401.632	1377.919	218.618	474.537	1079.511	280.110	481.391	850.094	190.316	85.890	1357.929	178.501	37.397	1047.279	240.938	-14.785	833.890	246.522	409.029	830.024	203.407	394.441	448.092	180.442	360.623	65.135	133.119	330.127	25.371	299.340	381.494	26.385	366.577	338.100	25.082	248.263	59.176	832.016	193.969	69.186	459.117	173.867	118.315	73.193	123.978	161.079	27.060	280.052	82.199	27.121	350.293	117.076	27.154
956	9.55000	297.154	232.028	1662.388	205.130	401.553	1377.945	218.586	474.494	1079.467	280.759	481.340	850.306	189.975	85.794	1357.967	179.658	38.653	1046.692	240.624	-15.255	834.307	246.307	408.802	829.935	203.311	394.379	448.014	180.461	360.770	65.076	132.947	330.022	25.477	299.254	381.342	26.533	366.568	338.132	25.247	248.031	59.097	832.168	194.137	69.033	459.247	174.039	118.302	73.015	123.882	161.135	27.067	279.979	81.937	27.137	350.164	117.022	27.296
957	9.56000	297.011	232.240	1662.277	205.150	401.523	1377.921	218.640	474.376	1079.368	281.568	481.266	850.513	189.762	85.753	1357.990	178.666	37.762	1047.422	241.234	-15.253	834.481	246.105	408.950	830.009	203.226	394.287	448.046	180.405	360.663	65.509	132.899	329.972	25.400	299.134	381.225	26.591	366.453	338.125	25.197	247.902	58.948	832.044	194.145	69.048	458.935	174.003	118.296	73.074	123.943	161.079	27.048	280.074	82.029	27.062	350.224	117.068	27.238
958	9.57000	297.246	232.421	1662.191	205.107	401.430	1377.938	218.688	474.352	1079.420	282.286	481.195	850.641	189.529	85.759	1358.099	179.424	38.633	1047.236	241.563	-15.159	834.490	245.832	408.826	830.093	203.216	394.280	447.960	180.461	360.648	65.045	133.024	329.985	25.328	299.265	381.408	26.684	366.606	338.145	25.114	247.786	58.865	832.111	194.173	69.009	459.063	173.940	118.170	73.180	123.928	161.087	27.074	280.080	82.042	26.947	350.265	117.060	27.288
959	9.58000	297.279	232.162	1662.387	205.234	401.381	1377.888	218.724	474.257	1079.402	283.286	481.348	850.672	189.319	85.754	1358.118	179.114	38.413	1047.144	241.867	-15.107	834.716	245.696	408.817	830.123	203.299	394.288	447.834	180.135	360.498	65.455	133.083	329.977	25.270	299.037	381.200	26.502	366.615	338.068	25.090	247.673	58.783	832.112	194.111	68.980	458.862	174.265	118.459	72.987	124.014	161.129	26.950	280.130	82.396	27.023	350.233	117.034	27.291
960	9.59000	297.470	232.368	1662.414	205.245	401.312	1377.880	218.739	474.199	1079.362	283.712	481.398	850.793	189.031	85.709	1358.139	179.086	38.655	1047.036	242.286	-14.908	834.857	245.515	408.671	830.177	202.986	394.058	447.976	180.298	360.654	65.106	132.998	329.974	25.359	299.161	381.461	26.553	366.646	338.095	25.046	247.486	58.654	832.148	194.077	68.869	459.031	173.892	118.184	73.245	124.091	161.096	26.938	280.086	82.202	27.120	350.243	117.146	27.245
961	9.60000	297.483	232.451	1662.196	205.277	401.218	1377.855	218.985	474.229	1079.358	284.108	481.280	850.910	188.810	85.655	1358.200	179.194	38.958	1047.041	242.623	-14.730	834.837	245.240	408.627	830.253	202.908	393.993	447.948	180.133	360.592	65.112	133.053	329.957	25.291	299.093	381.407	26.538	366.513	338.183	25.122	247.535	58.681	832.170	193.836	68.881	458.987	173.777	118.092	73.176	124.189	161.100	26.798	279.910	81.998	27.169	350.234	117.077	27.249
962	9.61000	297.379	232.665	1661.932	205.235	401.249	1377.819	219.141	474.199	1079.333	284.859	481.400	850.943	188.435	85.644	1358.272	178.433	38.494	1047.361	243.008	-14.662	834.983	244.602	408.895	830.390	202.734	393.963	448.049	180.344	360.708	65.161	133.039	329.924	25.225	299.150	381.353	26.666	366.551	338.159	24.896	247.468	58.607	832.110	193.893	68.857	458.792	174.158	118.299	72.917	124.176	161.098	26.750	280.176	81.924	26.980	350.266	117.108	27.295
963	9.62000	297.476	232.528	1662.209	205.258	401.235	1377.852	219.324	474.250	1079.334	285.543	481.400	851.084	188.209	85.633	1358.344	178.537	38.751	1047.012	243.242	-14.601	835.113	244.452	408.807	830.350	202.848	393.920	448.126	180.220	360.789	65.346	133.085	330.032	25.209	299.302	381.525	26.459	366.492	338.240	25.264	247.079	58.257	832.069	194.238	68.759	458.968	174.130	118.261	73.100	124.124	161.110	26.830	280.050	82.374	27.046	350.231	117.094	27.221
964	9.63000	297.292	232.559	1662.130	205.242	401.169	1377.830	219.580	474.305	1079.408	285.864	481.444	851.201	187.930	85.574	1358.393	178.612	38.680	1047.085	243.316	-14.695	835.570	244.500	408.680	830.436	202.679	393.771	448.021	180.251	360.518	65.336	133.044	329.936	25.178	299.003	381.352	26.512	366.436	338.131	25.166	247.116	58.301	832.156	193.865	68.609	459.002	174.408	118.395	72.768	124.317	161.137	26.722	280.014	81.912	27.123	350.170	117.097	27.218
965	9.64000	297.706	232.555	1662.277	205.155	401.161	1377.736	219.755	474.212	1079.277	286.408	481.539	851.405	187.618	85.604	1358.496	178.758	39.063	1047.476	243.338	-14.700	835.689	244.332	408.635	830.338	202.849	393.795	448.120	180.035	360.579	65.368	133.040	329.958	25.244	299.164	381.430	26.729	366.441	338.080	25.147	246.895	58.077	832.224	193.906	68.661	458.946	174.185	118.297	72.996	124.269	161.060	26.718	280.032	81.885	27.155	350.206	117.140	27.275
966	9.65000	297.803	232.879	1661.844	205.083	401.080	1377.684	219.945	474.226	1079.410	286.821	481.577	851.479	187.291	85.558	1358.474	178.683	38.967	1047.303	243.786	-14.550	835.728	244.254	408.628	830.447	202.801	393.796	448.112	179.966	360.539	65.345	133.006	329.968	25.177	299.053	381.210	26.489	366.410	338.195	25.078	246.772	58.067	832.151	193.873	68.608	458.728	173.870	118.231	73.081	124.239	161.063	26.802	279.962	81.915	27.339	350.233	117.081	27.286
967	9.66000	297.630	233.109	1661.777	204.945	401.058	1377.647	220.168	474.344	1079.287	287.083	481.629	851.547	186.934	85.486	1358.544	178.357	38.665	1047.379	244.274	-14.360	835.794	244.411	408.427	830.370	202.870	393.719	448.066	180.181	360.548	65.188	132.987	329.978	25.196	299.084	381.318	26.657	366.469	338.115	25.321	246.739	57.923	832.185	193.948	68.474	458.945	173.919	118.292	73.069	124.307	161.088	26.748	279.924	81.927	27.224	350.158	117.065	27.315
968	9.67000	297.748	232.918	1661.913	204.947	401.042	1377.600	220.308	474.287	1079.161	287.296	481.595	851.605	186.593	85.531	1358.647	178.488	38.877	1047.556	244.703	-13.949	835.539	244.245	408.433	830.434	203.037	393.672	447.982	179.974	360.521	65.365	133.005	329.944	25.177	299.055	381.346	26.769	366.433	338.291	25.165	246.669	57.781	832.108	193.728	68.476	458.978	173.874	118.295	73.218	124.439	161.030	26.574	279.983	81.972	27.230	350.135	117.118	27.259
969	9.68000	297.648	233.290	1661.660	204.806	400.951	1377.599	220.607	474.239	1079.314	287.553	481.718	851.736	186.282	85.482	1358.568	178.891	39.272	1047.118	245.230	-13.661	835.622	244.312	408.330	830.348	203.109	393.629	448.070	180.140	360.585	65.559	133.085	330.022	25.033	299.108	381.335	26.586	366.346	338.056	25.124	246.502	57.741	832.131	193.844	68.345	458.900	174.137	118.178	72.966	124.308	161.059	26.723	280.191	82.420	26.899	350.233	117.087	27.374
970	9.69000	298.026	233.575	1661.545	204.752	400.909	1377.514	220.824	474.193	1079.168	287.721	481.699	851.871	185.834	85.436	1358.655	179.099	39.264	1047.175	245.435	-13.479	835.655	244.451	408.159	830.434	203.355	393.535	448.029	180.026	360.440	65.470	132.980	330.023	25.165	299.161	381.394	26.735	366.443	338.215	24.975	245.959	57.517	832.309	193.767	68.345	458.783	173.981	118.053	72.944	124.229	161.008	26.723	280.055	81.995	27.168	350.214	117.126	27.316
971	9.70000	297.980	233.628	1661.539	204.610	400.850	1377.415	220.943	474.132	1079.196	288.246	481.559	851.663	185.469	85.398	1358.651	178.772	39.036	1046.962	245.545	-13.288	835.637	244.447	408.213	830.395	203.385	393.475	447.802	180.130	360.604	65.284	133.017	330.024	25.143	299.127	381.287	26.532	366.459	338.026	25.210	245.998	57.520	832.217	193.691	68.310	458.787	174.034	118.116	73.028	124.386	161.075	26.637	280.106	81.965	27.136	350.181	117.092	27.237
972	9.71000	298.080	233.955	1661.554	204.442	400.784	1377.445	221.274	474.115	1079.060	288.468	481.512	851.737	185.060	85.384	1358.575	178.735	38.975	1046.838	245.909	-13.012	835.555	244.532	408.197	830.363	203.857	393.048	447.749	180.196	360.480	65.623	133.029	330.016	25.200	298.901	381.164	26.707	366.482	338.061	25.154	245.815	57.301	832.221	193.543	68.306	458.664	172.368	117.577	73.808	124.232	161.069	26.752	280.107	82.134	27.165	350.163	117.105	27.225
